[{
	"feedName": "EPDE",
	"extraction": [{
		"programName": "EPDE",
		"entityList":"F5938DBE_DATA_VEND_MSTR;F5938DBE_DATA_VEND_FUNC;F5938DBE_DATA_VEND_CRIT_DTL",
		"isOutputMerge":"NA",
		"isSchemaChange":"yes",
		"extractHeaderTrailerRequired":"N",
		"inputFileDetails": [{
			"inputFileColumns": "NA",
			"inputFileDataTypeLength": "NA",
			"isInputFileRowDelimited": "N",
			"inputFileRowDelimiter": "NA",
			"isInputFileFixedWidth": "N",
			"isInputFileColumnDelimited": "NA",
			"inputFileColumnDelimiter": "NA",
			"isInputFileValidationRequired": "NA",
			"inputFileValidationRules": [{
				"inputHeaderValidationRule": "NA",
				"inputDataValidationRule": "NA",
				"inputTrailerValidationRule": "NA"
			}]
		}],
		"extractDetails": [{
			"provNo": "1",
			"provName": "EPDE_RKP",
			"provHeaderDesc": "NA",
			"provHeaderDateFormat": "NA",
			"provTrailerDesc": "NA",
			"provOutFileColDelim": "|",
			"provTrgColumn": "NA",
			"provTrgDataTypeLen": "NA",
			"provDataQueries": [
				{
					"name": "prov1_sqlQuery1",
					"query": "SELECT FROM_UNIXTIME(UNIX_TIMESTAMP('2018-11-14 00:00:00'),'yyyy-MM-dd') AS END_DT, DATE_SUB(FROM_UNIXTIME(UNIX_TIMESTAMP('2018-11-14 00:00:00'),'yyyy-MM-dd') , 1) AS START_DT, FROM_UNIXTIME(UNIX_TIMESTAMP(CURRENT_TIMESTAMP),'yyyyMMdd-HHmmss') AS CURR_TS"
				},
				{
					"name": "prov1_sqlQuery2",
					"query": "SELECT * FROM D5406TOP_ADJD_CLMSF_REF SREF CROSS JOIN prov1_sqlQuery1 DT WHERE SREF.CLM_SYS_ID = 'TOPS' AND SREF.LST_UPDT_DTTM >= DT.START_DT AND SREF.LST_UPDT_DTTM  < DT.END_DT"
				}
			],

			"commonQueries": [{
				"headerDesc": "NA",
				"headerDateFormat": "NA",
				"trailerDesc": "NA",
				"outFileColDelim": "NA",
				"trgColumn": "NA",
				"trgDataTypeLen": "NA",
				"queries": {
					"df1_query": "SELECT DATA_VEND_CD FROM F5938DBE_DATA_VEND_MSTR WHERE trim(DATA_VEND_CD) = '$vendor_cd'  AND trim(ACTV_CD) = 'A'",
					"df1_query_tables":"F5938DBE_DATA_VEND_MSTR",
					"df2_query": "SELECT DATA_VEND_CD FROM F5938DBE_DATA_VEND_FUNC WHERE trim(DATA_VEND_CD) = '$vendor_cd' AND trim(ACTV_CD) = 'A' AND trim(DATA_VEND_FUNC_CD) = 'E'",
					"df2_query_tables":"F5938DBE_DATA_VEND_FUNC",
					"df3_query": "SELECT CRIT_TXT_VAL_1 FROM F5938DBE_DATA_VEND_CRIT_DTL WHERE trim(DATA_VEND_CD) = '$vendor_cd' AND trim(DATA_VEND_FUNC_CD) = 'E' AND CRIT_ID = 1 AND trim(CRIT_TXT_VAL_1) = 'Y' AND trim(ACTV_CD) = 'A' AND trim(CRIT_COND_CD) = 'I'",
					"df3_query_tables":"F5938DBE_DATA_VEND_CRIT_DTL",
					"df4_query": "SELECT 'Y' as fac_temp FROM F5938DBE_DATA_VEND_CRIT_DTL WHERE trim(DATA_VEND_CD) = '$vendor_cd' AND trim(DATA_VEND_FUNC_CD) = 'E' AND CRIT_ID = 2 AND trim(CRIT_TXT_VAL_1) = 'N' AND trim(ACTV_CD) = 'A' AND trim(CRIT_COND_CD) = 'I'",
					"df4_query_tables":"",
					"df5_query": "SELECT CRIT_TXT_VAL_1 FROM F5938DBE_DATA_VEND_CRIT_DTL WHERE trim(DATA_VEND_CD)= '$vendor_cd' AND trim(DATA_VEND_FUNC_CD) =  'E' AND CRIT_ID = 3 AND trim(ACTV_CD) = 'A' AND trim(CRIT_COND_CD) = 'I'",
					"df5_query_tables":"",
					"df8_query": "SELECT 'Y' as crit_ind FROM  F5938DBE_DATA_VEND_CRIT_DTL WHERE  CRIT_ID = 12 AND trim(ACTV_CD) ='A' AND trim(DATA_VEND_CD) = '$vendor_cd'",
					"df8_query_tables":"",
					"df9_query": "SELECT PROV_ID,PROV_TYP_CD,ORG_TYP_CD,CREAT_DT,LST_UPDT_DT,ORIG_EFF_DT,CANC_DT,'A' AS UPDT_TYP_CD,'0' AS PQD_OR_FQD FROM F5938DBE_PROV WHERE PROV_ID > 0 AND unix_timestamp(CANC_DT,'yyyy-MM-dd') = unix_timestamp('9999-12-31','yyyy-MM-dd') AND PROV_ID not in (select T.PROV_ID from F5938DBE_TST_PROV T)",
					"df9_query_tables":"F5938DBE_PROV;F5938DBE_TST_PROV",
					"df11_query": "SELECT P.PROV_ID,LST_UPDT_TYP_CD,USER_OFC_CD,USER_ID FROM F5938DBE_PROV P Where unix_timestamp(P.LST_UPDT_DT,'yyyy-MM-dd') > unix_timestamp('$last_run_date','yyyy-MM-dd') UNION SELECT PTA.PROV_ID,PTA.LST_UPDT_TYP_CD,PTA.USER_OFC_CD,PTA.USER_ID FROM F5938DBE_PROV_TIN_ADR PTA INNER JOIN F5938DBE_ADR AD ON PTA.ADR_ID =  AD.ADR_ID WHERE trim(ADR_TYP_CD) IN ('L','H','D') AND unix_timestamp(PTA.LST_UPDT_DT,'yyyy-MM-dd') > unix_timestamp('$last_run_date','yyyy-MM-dd') UNION SELECT PTA.PROV_ID,AD.LST_UPDT_TYP_CD,AD.USER_OFC_CD,AD.USER_ID FROM F5938DBE_PROV_TIN_ADR PTA INNER JOIN F5938DBE_ADR AD ON PTA.ADR_ID =  AD.ADR_ID WHERE trim(ADR_TYP_CD) IN ('L','H','D') AND unix_timestamp(AD.LST_UPDT_DT,'yyyy-MM-dd') > unix_timestamp('$last_run_date','yyyy-MM-dd') UNION SELECT PD.PROV_ID,PD.LST_UPDT_TYP_CD,PD.USER_OFC_CD,PD.USER_ID FROM F5938DBE_PROV_DEG PD WHERE  unix_timestamp(PD.LST_UPDT_DT,'yyyy-MM-dd') > unix_timestamp('$last_run_date','yyyy-MM-dd') UNION SELECT PATC.PROV_ID,LST_UPDT_TYP_CD,USER_OFC_CD,USER_ID FROM F5938DBE_PROV_ADR_TEL_CMNCT PATC WHERE unix_timestamp(PATC.LST_UPDT_DT,'yyyy-MM-dd') > unix_timestamp('$last_run_date','yyyy-MM-dd') UNION SELECT  PATC.PROV_ID,TC.LST_UPDT_TYP_CD,TC.USER_OFC_CD,TC.USER_ID FROM F5938DBE_PROV_ADR_TEL_CMNCT PATC INNER JOIN F5938DBE_TEL_CMNCT TC ON PATC.TEL_CMNCT_ID = TC.TEL_CMNCT_ID WHERE unix_timestamp(TC.LST_UPDT_DT,'yyyy-MM-dd') > unix_timestamp('$last_run_date','yyyy-MM-dd') UNION SELECT PATC.PROV_ID,PTA.LST_UPDT_TYP_CD,PTA.USER_OFC_CD,PTA.USER_ID FROM F5938DBE_PROV_ADR_TEL_CMNCT PATC INNER JOIN F5938DBE_PROV_TIN_ADR PTA ON PATC.PROV_ID = PTA.PROV_ID   AND PATC.ADR_ID = PTA.ADR_ID AND  PATC.ADR_TYP_CD = PTA.ADR_TYP_CD AND  PATC.TAX_ID_NBR = PTA.TAX_ID_NBR AND  PATC.TAX_ID_TYP_CD = PTA.TAX_ID_TYP_CD WHERE unix_timestamp(PTA.LST_UPDT_DT,'yyyy-MM-dd') > unix_timestamp('$last_run_date','yyyy-MM-dd') UNION SELECT PS.PROV_ID,LST_UPDT_TYP_CD,USER_OFC_CD,USER_ID FROM F5938DBE_PROV_SPCL PS WHERE  unix_timestamp(PS.LST_UPDT_DT,'yyyy-MM-dd') > unix_timestamp('$last_run_date','yyyy-MM-dd') UNION SELECT PTPA.PROV_ID,LST_UPDT_TYP_CD,USER_OFC_CD,USER_ID FROM F5938DBE_PROV_TIN_PAY_AFFIL PTPA  WHERE  unix_timestamp(PTPA.LST_UPDT_DT,'yyyy-MM-dd') > unix_timestamp('$last_run_date','yyyy-MM-dd')  UNION SELECT PC.PROV_ID,LST_UPDT_TYP_CD,USER_OFC_CD,USER_ID FROM F5938DBE_PROV_COMMT PC WHERE unix_timestamp(PC.LST_UPDT_DT,'yyyy-MM-dd') > unix_timestamp('$last_run_date','yyyy-MM-dd') UNION SELECT PAS.PROV_ID,LST_UPDT_TYP_CD,USER_OFC_CD,USER_ID FROM F5938DBE_PROV_ADR_SURCHRG PAS WHERE  unix_timestamp(PAS.LST_UPDT_DT,'yyyy-MM-dd') > unix_timestamp('$last_run_date','yyyy-MM-dd') UNION SELECT PDEA.PROV_ID,LST_UPDT_TYP_CD,USER_OFC_CD,USER_ID FROM F5938DBE_PROV_DRG_ENFC_AGCY PDEA WHERE unix_timestamp(PDEA.LST_UPDT_DT,'yyyy-MM-dd') > unix_timestamp('$last_run_date','yyyy-MM-dd') UNION SELECT PPX.PROV_ID,LST_UPDT_TYP_CD,USER_OFC_CD,USER_ID FROM F5938DBE_PROV_PROC_XCPT PPX WHERE unix_timestamp(PPX.LST_UPDT_DT,'yyyy-MM-dd') > unix_timestamp('$last_run_date','yyyy-MM-dd') UNION SELECT PL.PROV_ID,LST_UPDT_TYP_CD,USER_OFC_CD,USER_ID FROM F5938DBE_PROV_LIC PL WHERE unix_timestamp(PL.LST_UPDT_DT,'yyyy-MM-dd') > unix_timestamp('$last_run_date','yyyy-MM-dd') UNION SELECT PTAL.PROV_ID,LST_UPDT_TYP_CD,USER_OFC_CD,USER_ID FROM F5938DBE_PROV_TIN_ADR_LIM PTAL WHERE unix_timestamp(PTAL.LST_UPDT_DT,'yyyy-MM-dd') > unix_timestamp('$last_run_date','yyyy-MM-dd') UNION SELECT  PA.PROV_ID,LST_UPDT_TYP_CD,USER_OFC_CD,USER_ID FROM F5938DBE_PROV_AFFIL PA WHERE unix_timestamp(PA.LST_UPDT_DT,'yyyy-MM-dd') > unix_timestamp('$last_run_date','yyyy-MM-dd') UNION SELECT  PNC.PROV_ID,LST_UPDT_TYP_CD,USER_OFC_CD ,USER_ID  FROM  F5938DBE_PROV_NTWK_CONTR PNC WHERE unix_timestamp(PNC.LST_UPDT_DT,'yyyy-MM-dd') > unix_timestamp('$last_run_date','yyyy-MM-dd') UNION SELECT PCS.PROV_ID,LST_UPDT_TYP_CD,USER_OFC_CD,USER_ID FROM F5938DBE_PROV_CRDNTL_STS PCS WHERE unix_timestamp(PCS.LST_UPDT_DT,'yyyy-MM-dd') > unix_timestamp('$last_run_date','yyyy-MM-dd') UNION SELECT PT.PROV_ID,LST_UPDT_TYP_CD,USER_OFC_CD,USER_ID FROM F5938DBE_PROV_TRN PT  WHERE unix_timestamp(PT.LST_UPDT_DT,'yyyy-MM-dd') > unix_timestamp('$last_run_date','yyyy-MM-dd') UNION SELECT PEC.PROV_ID,LST_UPDT_TYP_CD,USER_OFC_CD,USER_ID FROM F5938DBE_PROV_ELC_CMNCT PEC WHERE unix_timestamp(PEC.LST_UPDT_DT,'yyyy-MM-dd') > unix_timestamp('$last_run_date','yyyy-MM-dd') UNION SELECT PN.PROV_ID,LST_UPDT_TYP_CD,USER_OFC_CD,USER_ID FROM F5938DBE_PROV_NPI PN WHERE unix_timestamp(PN.LST_UPDT_DT,'yyyy-MM-dd') > unix_timestamp('$last_run_date','yyyy-MM-dd') UNION SELECT PAN.PROV_ID,LST_UPDT_TYP_CD,USER_OFC_CD,USER_ID FROM F5938DBE_PROV_ALT_NM PAN WHERE unix_timestamp(PAN.LST_UPDT_DT,'yyyy-MM-dd') > unix_timestamp('$last_run_date','yyyy-MM-dd') UNION SELECT PCO.PROV_ID,LST_UPDT_TYP_CD,USER_OFC_CD,USER_ID FROM F5938DBE_PROV_CONTR_ORG PCO WHERE unix_timestamp(PCO.LST_UPDT_DT,'yyyy-MM-dd') > unix_timestamp('$last_run_date','yyyy-MM-dd') UNION SELECT PDE_PPI_NUM AS PROV_ID,'T' as LST_UPDT_TYP_CD,PDE_OFFICE_CODE AS USER_OFC_CD,PDE_OPID AS USER_ID FROM F5938DBE_TPVPDE WHERE  unix_timestamp(PDE_DATE_STAMP,'yyyy-MM-dd') > unix_timestamp('$last_run_date','yyyy-MM-dd') UNION SELECT PPC_PPI_NUM AS PROV_ID,'U' as LST_UPDT_TYP_CD,PPC_OFFICE_CODE AS USER_OFC_CD,PPC_OPID AS USER_ID FROM F5938DBE_TPVPPC WHERE unix_timestamp(PPC_DATE_STAMP,'yyyy-MM-dd') > unix_timestamp('$last_run_date','yyyy-MM-dd') UNION SELECT PSH_PPI_NUM AS PROV_ID,'U' as LST_UPDT_TYP_CD,PSH_OFFICE_CODE AS USER_OFC_CD,PSH_OPID AS USER_ID FROM F5938DBE_TPVPSH WHERE unix_timestamp(PSH_DATE_STAMP,'yyyy-MM-dd') > unix_timestamp('$last_run_date','yyyy-MM-dd')",
					"df11_query_tables":"F5938DBE_PROV;F5938DBE_PROV_TIN_ADR;F5938DBE_ADR;F5938DBE_PROV_DEG;F5938DBE_PROV_ADR_TEL_CMNCT;F5938DBE_TEL_CMNCT;F5938DBE_PROV_SPCL;F5938DBE_PROV_TIN_PAY_AFFIL;F5938DBE_PROV_COMMT;F5938DBE_PROV_ADR_SURCHRG;F5938DBE_PROV_DRG_ENFC_AGCY;F5938DBE_PROV_PROC_XCPT;F5938DBE_PROV_LIC;F5938DBE_PROV_TIN_ADR_LIM;F5938DBE_PROV_CRDNTL_STS;F5938DBE_PROV_AFFIL;F5938DBE_TPVPDE;F5938DBE_PROV_NTWK_CONTR;F5938DBE_PROV_TRN;F5938DBE_PROV_ELC_CMNCT;F5938DBE_PROV_NPI;F5938DBE_PROV_ALT_NM;F5938DBE_PROV_CONTR_ORG;F5938DBE_TPVPPC;F5938DBE_TPVPSH",
					"df11_9_join": "SELECT df11.PROV_ID,df11.LST_UPDT_TYP_CD,df11.USER_OFC_CD,df11.USER_ID FROM df11_query df11 INNER JOIN df2200_in df9 ON df11.PROV_ID=df9.PROV_ID",
					"df11_9_join_tables":"",
					"df24_query": "SELECT 'Y' as DUMMY24,df11.PROV_ID FROM F5938DBE_DATA_VEND_CRIT_DTL DV INNER JOIN df11_9_join df11 ON df11.PROV_ID = DV.PROV_ID WHERE trim(ACTV_CD) = 'A' AND CRIT_ID = '12' AND trim(DATA_VEND_CD) = '$vendor_cd' AND CRIT_TXT_VAL_1  = df11.LST_UPDT_TYP_CD AND CRIT_TXT_VAL_4 = df11.USER_OFC_CD AND (CRIT_TXT_VAL_3 = df11.USER_ID OR CRIT_TXT_VAL_3 = '000')",
					"df24_query_tables": "F5938DBE_DATA_VEND_CRIT_DTL",
					"df9_skip1": "SELECT df9.* FROM df2200_in df9 LEFT OUTER JOIN df24_query df24 ON df9.PROV_ID = df24.PROV_ID WHERE (df24.DUMMY24 is NULL OR df24.DUMMY24!='Y')",
					"df9_skip1_tables":"",
					"df12_query": "SELECT 'Y' as dummy12, DV.PROV_ID FROM F5938DBE_DATA_VEND_CRIT_DTL DV INNER JOIN df9_skip1 df9_1 WHERE DV.PROV_ID =  df9_1.PROV_ID AND trim(DATA_VEND_CD) = '$vendor_cd' AND trim(DATA_VEND_FUNC_CD) IN ('E' , 'B') AND CRIT_ID = 9 AND trim(CRIT_COND_CD) = 'E' AND trim(ACTV_CD) = 'A'",
					"df12_query_tables":"",
					"df9_skip2": "SELECT df9_1.* FROM df9_skip1 df9_1 LEFT OUTER JOIN df12_query df12 ON df9_1.PROV_ID=df12.PROV_ID WHERE (df12.dummy12 is NULL OR df12.dummy12!='Y')",
					"df9_skip2_tables":"",
					"df13_query": "SELECT PTP.TAX_ID_NBR AS TAX_ID_NBR,PTP.PROV_ID FROM F5938DBE_PROV_TIN_PAY_AFFIL PTP INNER JOIN df9_skip2 df9_2 ON PTP.PROV_ID = df9_2.PROV_ID WHERE ((unix_timestamp(PTP.CANC_DT,'yyyy-MM-dd') = unix_timestamp('9999-12-31','yyyy-MM-dd') OR unix_timestamp(PTP.CANC_DT,'yyyy-MM-dd') BETWEEN unix_timestamp('0001-01-01','yyyy-MM-dd') AND unix_timestamp('9999-12-31','yyyy-MM-dd')) AND unix_timestamp(PTP.LST_UPDT_DT,'yyyy-MM-dd') BETWEEN unix_timestamp('$last_run_date','yyyy-MM-dd') AND unix_timestamp('9999-12-31','yyyy-MM-dd'))",
					"df13_query_tables":"F5938DBE_PROV_TIN_PAY_AFFIL",
					"df14_query": "SELECT DISTINCT(df13.PROV_ID),'Y' AS dummy14 FROM F5938DBE_DATA_VEND_CRIT_DTL DV RIGHT OUTER JOIN df13_query df13 ON DV.PROV_ID = df13.PROV_ID AND DV.TAX_ID_NBR = df13.TAX_ID_NBR WHERE DV.TAX_ID_NBR IS NOT NULL AND trim(DATA_VEND_CD) = '$vendor_cd' AND trim(DATA_VEND_FUNC_CD) IN ('E' , 'B') AND CRIT_ID = 10 AND trim(CRIT_COND_CD) = 'E' AND trim(ACTV_CD) = 'A'",
					"df14_query_tables":"",
					"df9_skip3": "SELECT df9_2.* FROM df9_skip2 df9_2 LEFT OUTER JOIN df14_query df14 ON df9_2.PROV_ID=df14.PROV_ID WHERE (df14.dummy14 is NULL OR df14.dummy14!='Y')",
					"df9_skip3_tables":"",
					"df9_FP":"SELECT df9.* FROM df9_query df9 INNER JOIN df9_skip3 ON df9.PROV_ID=df9_skip3.PROV_ID",
					"df9_FP_tables":"",
					"df22_query": "SELECT  PROV_ID , 'TRAN' AS UPDATED_TABLE,1 AS PROV_SEQ FROM F5938DBE_PROV_TRANS WHERE  (trim(ADR_CD) NOT IN ('R','') OR  trim(HIPPA_835_ELEC_CD) NOT IN ('R','') OR  trim(PDE_CD) NOT IN ('R','') OR  trim(PROV_ADR_SURCHR_CD) NOT IN ('R','') OR  trim(PROV_ADR_TEL_CM_CD)     NOT IN ('R','') OR  trim(PROV_AFFIL_CD) NOT IN ('R','') OR  trim(PROV_CD) NOT IN ('R','') OR  trim(PROV_COMMT_CD) NOT IN ('R','') OR  trim(PROV_LIC_CD) NOT IN ('R','') OR  trim(PROV_DEG_CD)   NOT IN ('R','') OR  trim(PROV_DRG_ENFC_A_CD) NOT IN ('R','') OR  trim(PROV_NTWK_CONTR_CD) NOT IN ('R','') OR  trim(PROV_PROC_XCPT_CD) NOT IN ('R','') OR  trim(PROV_SPCL_CD)  NOT IN ('R','') OR  trim(PROV_TIN_ADR_CD) NOT IN ('R','') OR trim(PROV_TIN_ADR_LI_CD) NOT IN ('R','') OR  trim(PROV_TIN_PAY_AF_CD) NOT IN ('R','') OR  trim(TAX_ID_NBR_CD) NOT IN ('R','') OR  trim(TEL_CMNCT_CD) NOT IN ('R','')) UNION SELECT  PROV_ID , 'CRED' AS UPDATED_TABLE,2 AS PROV_SEQ FROM F5938DBE_PROV_CRDNTL_STS WHERE unix_timestamp(LST_UPDT_DT,'yyyy-MM-dd') > unix_timestamp('$last_run_date','yyyy-MM-dd') UNION SELECT PROV_ID ,'TRN ' AS UPDATED_TABLE,3 AS PROV_SEQ FROM F5938DBE_PROV_TRN A WHERE unix_timestamp(LST_UPDT_DT,'yyyy-MM-dd')  > unix_timestamp('$last_run_date','yyyy-MM-dd')  UNION  SELECT PROV_ID ,'AELC' AS UPDATED_TABLE,4 AS PROV_SEQ FROM F5938DBE_PROV_ADR_ELC_CMNCT WHERE unix_timestamp(LST_UPDT_DT,'yyyy-MM-dd') > unix_timestamp('$last_run_date','yyyy-MM-dd')  UNION  SELECT PROV_ID , 'ELC ' AS UPDATED_TABLE,4 AS PROV_SEQ FROM F5938DBE_PROV_ELC_CMNCT WHERE unix_timestamp(LST_UPDT_DT,'yyyy-MM-dd') > unix_timestamp('$last_run_date','yyyy-MM-dd') UNION SELECT PROV_ID, 'CNTC' AS UPDATED_TABLE,6 AS PROV_SEQ FROM F5938DBE_PROV_ADR_CNTC  WHERE unix_timestamp(LST_UPDT_DT,'yyyy-MM-dd') > unix_timestamp('$last_run_date','yyyy-MM-dd') AND trim(CNTC_ROLE_CD) = 'B' UNION SELECT AC.PROV_ID , 'ACCR' AS UPDATED_TABLE,7 AS PROV_SEQ FROM F5938DBE_PROV_CVO_ACCRDT AC INNER JOIN F5938DBE_PROV PR ON AC.PROV_ID = PR.PROV_ID WHERE unix_timestamp(AC.LST_UPDT_DT,'yyyy-MM-dd') > unix_timestamp('$last_run_date','yyyy-MM-dd') AND trim(PR.PROV_TYP_CD) = 'O' UNION SELECT CR.PROV_ID , 'CVO' AS UPDATED_TABLE,8 AS PROV_SEQ FROM F5938DBE_PROV_CVO_REQ CR INNER JOIN F5938DBE_PROV PR ON CR.PROV_ID = PR.PROV_ID WHERE unix_timestamp(CR.LST_UPDT_DT,'yyyy-MM-dd') > unix_timestamp('$last_run_date','yyyy-MM-dd') AND trim(PR.PROV_TYP_CD) = 'O' UNION SELECT PROV_ID, 'YLIN' AS UPDATED_TABLE,9 AS PROV_SEQ FROM F5938DBE_PROV_NTWK_CONTR WHERE unix_timestamp(LST_UPDT_DT,'yyyy-MM-dd') > unix_timestamp('$last_run_date','yyyy-MM-dd') AND trim(CONTR_TYP_CD) = 'Y' UNION  SELECT PROV_ID , 'PNPI' AS UPDATED_TABLE,10 AS PROV_SEQ   FROM F5938DBE_PROV_NPI WHERE unix_timestamp(LST_UPDT_DT,'yyyy-MM-dd') > unix_timestamp('$last_run_date','yyyy-MM-dd') UNION SELECT PROV_ID , 'NPI' AS UPDATED_TABLE,11 AS PROV_SEQ FROM F5938DBE_NPI NNPI INNER JOIN F5938DBE_PROV_NPI PNP ON NNPI.NPI_ID = PNP.NPI_ID AND NNPI.NPI_LVL_CD = PNP.NPI_LVL_CD WHERE unix_timestamp(NNPI.LST_UPDT_DT,'yyyy-MM-dd') > unix_timestamp('$last_run_date','yyyy-MM-dd') UNION SELECT PROV_ID , 'ALT' AS UPDATED_TABLE,12 AS PROV_SEQ FROM F5938DBE_PROV_ALT_NM WHERE unix_timestamp(LST_UPDT_DT,'yyyy-MM-dd') > unix_timestamp('$last_run_date','yyyy-MM-dd') UNION SELECT PROV_ID , 'TCO' AS UPDATED_TABLE,13 AS PROV_SEQ FROM F5938DBE_PROV_CONTR_ORG WHERE unix_timestamp(LST_UPDT_DT,'yyyy-MM-dd') > unix_timestamp('$last_run_date','yyyy-MM-dd') UNION SELECT PNC.PROV_ID , 'CDK' AS UPDATED_TABLE,14 AS PROV_SEQ FROM F5938DBE_CONT_DSG_KEY_RLT CDR INNER JOIN F5938DBE_PROV_NTWK_CONTR PNC ON CDR.CONTR_ID = PNC.CONTR_ID WHERE unix_timestamp(CDR.LST_UPDT_DT,'yyyy-MM-dd') > unix_timestamp('$last_run_date','yyyy-MM-dd') UNION  SELECT PROV_ID , 'FQD' AS UPDATED_TABLE,15 AS PROV_SEQ FROM F5938DBE_FACL_QE_DESG WHERE unix_timestamp(LST_UPDT_DT,'yyyy-MM-dd') > unix_timestamp('$last_run_date','yyyy-MM-dd') AND unix_timestamp(CANC_DT,'yyyy-MM-dd') >= unix_timestamp('2019-05-15','yyyy-MM-dd') UNION  SELECT PROV_ID , 'PQD' AS UPDATED_TABLE,16 AS PROV_SEQ FROM F5938DBE_PHYSN_QE_DESG WHERE unix_timestamp(LST_UPDT_DT,'yyyy-MM-dd') > unix_timestamp('$last_run_date','yyyy-MM-dd') AND unix_timestamp(CANC_DT,'yyyy-MM-dd') >= unix_timestamp('2019-05-15','yyyy-MM-dd') UNION SELECT PROV_ID , 'OPC' AS UPDATED_TABLE,17 AS PROV_SEQ FROM F5938DBE_OVTN_PROV_CONTR WHERE unix_timestamp(LST_UPDT_DT,'yyyy-MM-dd') > unix_timestamp('$last_run_date','yyyy-MM-dd') AND trim(LST_UPDT_TYP_CD) NOT IN ('R') UNION SELECT PROV_ID,'OPCB' AS UPDATED_TABLE,18 AS PROV_SEQ FROM F5938DBE_OVTN_PRV_CONTR_BIL WHERE unix_timestamp(LST_UPDT_DT,'yyyy-MM-dd') > unix_timestamp('$last_run_date','yyyy-MM-dd') AND trim(LST_UPDT_TYP_CD) NOT IN ('R') UNION SELECT PPC_PPI_NUM AS PROV_ID,'PPC' AS UPDATED_TABLE,19 AS PROV_SEQ FROM F5938DBE_TPVPPC WHERE unix_timestamp(PPC_DATE_STAMP,'yyyy-MM-dd') > unix_timestamp('$last_run_date','yyyy-MM-dd') UNION SELECT PSH_PPI_NUM AS PROV_ID,'PSH' AS UPDATED_TABLE,20 AS PROV_SEQ FROM F5938DBE_TPVPSH WHERE unix_timestamp(PSH_DATE_STAMP,'yyyy-MM-dd') > unix_timestamp('$last_run_date','yyyy-MM-dd')",
					"df22_query_tables":"F5938DBE_PROV;F5938DBE_PROV_TRANS;F5938DBE_PROV_TRN;F5938DBE_PROV_ADR_ELC_CMNCT;F5938DBE_PROV_ADR_CNTC;F5938DBE_PROV_CVO_ACCRDT;F5938DBE_PROV_CVO_REQ;F5938DBE_NPI;F5938DBE_CONT_DSG_KEY_RLT;F5938DBE_FACL_QE_DESG;F5938DBE_PHYSN_QE_DESG;F5938DBE_OVTN_PROV_CONTR;F5938DBE_OVTN_PRV_CONTR_BIL;F5938DBE_PROV_CRDNTL_STS;F5938DBE_PROV_ELC_CMNCT;F5938DBE_PROV_NTWK_CONTR;F5938DBE_PROV_NPI;F5938DBE_PROV_ALT_NM;F5938DBE_PROV_CONTR_ORG;F5938DBE_TPVPPC;F5938DBE_TPVPSH",
					"df22_unique_provs": "SELECT rs.PROV_ID,rs.UPDATED_TABLE,CASE WHEN (rs.UPDATED_TABLE = 'PQD' OR rs.UPDATED_TABLE = 'FQD') THEN '1' ELSE '0' END AS PQD_OR_FQD FROM (SELECT *,ROW_NUMBER() OVER (PARTITION BY PROV_ID ORDER BY UPDATED_TABLE ASC) AS RNUM FROM df22_query) rs WHERE rs.RNUM=1 AND rs.PROV_ID not in (select T.PROV_ID from F5938DBE_TST_PROV T)",
					"df22_unique_provs_tables":"F5938DBE_TST_PROV",
					"df15_1_query": "SELECT out.* FROM df22_out out INNER JOIN F5938DBE_PROV_CRDNTL_STS PCS ON (PCS.PROV_ID = out.PROV_ID) WHERE (out.UPDATED_TABLE='CRED' AND (unix_timestamp(PCS.LST_UPDT_DT,'yyyy-MM-dd') > unix_timestamp('$last_run_date','yyyy-MM-dd') AND PCS.STS_SEQ_NBR = 0 AND PCS.CYC_SEQ_NBR IN (SELECT MAX(P.CYC_SEQ_NBR) FROM F5938DBE_PROV_CRDNTL_STS P WHERE P.PROV_ID = PCS.PROV_ID AND P.STS_SEQ_NBR = 0)))",
					"df15_1_query_tables":"",
					"df15_2_query": "SELECT out.* FROM df22_out out INNER JOIN F5938DBE_PROV_TRANS PT ON (PT.PROV_ID = out.PROV_ID) WHERE (out.UPDATED_TABLE='TRAN' OR out.UPDATED_TABLE='PDE') AND NOT ((trim(PT.PDE_CD) <> '' OR trim(PT.HIPPA_835_ELEC_CD)  <> '' OR trim(PT.PROV_COMMT_CD) <> '' OR trim(PT.PROV_PROC_XCPT_CD)  <> '' OR trim(PT.PROV_ADR_SURCHR_CD) <> '') AND trim(PT.ADR_CD) IN ('R','')  AND trim(PT.PROV_ADR_TEL_CM_CD) IN ('R','')  AND trim(PT.PROV_AFFIL_CD) IN ('R','')  AND trim(PT.PROV_CD)  IN ('R','')  AND trim(PT.PROV_LIC_CD) IN ('R','')  AND trim(PT.PROV_DEG_CD) IN ('R','')  AND trim(PT.PROV_DRG_ENFC_A_CD)  IN ('R','')  AND trim(PT.PROV_NTWK_CONTR_CD) IN ('R','') AND trim(PT.PROV_SPCL_CD) IN ('R','') AND trim(PT.PROV_TIN_ADR_CD) IN ('R','') AND trim(PT.PROV_TIN_ADR_LI_CD) IN ('R','') AND trim(PT.PROV_TIN_PAY_AF_CD)   IN ('R','') AND trim(PT.TAX_ID_NBR_CD)  IN ('R','') AND trim(PT.TEL_CMNCT_CD)  IN ('R',''))",
					"df15_2_query_tables":"",
					"df15_3_query": "SELECT out.* FROM df22_out out WHERE out.UPDATED_TABLE <> 'TRAN' AND out.UPDATED_TABLE <> 'PDE' AND out.UPDATED_TABLE <> 'CRED'",
					"df15_3_query_tables":"",
					"df15_2_17_query": "SELECT df15.* FROM df15_2_query df15 LEFT OUTER JOIN (SELECT  P.PROV_ID FROM F5938DBE_PROV_TRANS P INNER JOIN F5938DBE_PROV_TIN_ADR T ON P.PROV_ID = T.PROV_ID INNER JOIN F5938DBE_ADR A ON T.ADR_ID  = A.ADR_ID WHERE  trim(P.PDE_CD) IN ('R','') AND trim(P.HIPPA_835_ELEC_CD)  IN ('R','') AND trim(P.PROV_COMMT_CD) IN ('R','') AND trim(P.PROV_PROC_XCPT_CD)  IN ('R','') AND trim(P.PROV_ADR_SURCHR_CD) IN ('R','') AND trim(P.ADR_CD) = 'V'  AND trim(P.PROV_ADR_TEL_CM_CD) IN ('R','') AND trim(P.PROV_AFFIL_CD) IN ('R','') AND trim(P.PROV_CD) IN ('R','') AND trim(P.PROV_LIC_CD) IN ('R','') AND trim(P.PROV_DEG_CD) IN ('R','')    AND trim(P.PROV_DRG_ENFC_A_CD) IN ('R','')  AND trim(P.PROV_NTWK_CONTR_CD) IN ('R','')  AND trim(P.PROV_SPCL_CD)  IN ('R','')  AND trim(P.PROV_TIN_ADR_CD) IN ('R','')  AND trim(P.PROV_TIN_ADR_LI_CD) IN ('R','')  AND trim(P.PROV_TIN_PAY_AF_CD) IN ('R','')  AND trim(P.TAX_ID_NBR_CD) IN ('R','')  AND trim(P.TEL_CMNCT_CD) IN ('R','')  AND trim(A.USER_ID) IN ('APC','APR') AND unix_timestamp(A.LST_UPDT_DT,'yyyy-MM-dd') > unix_timestamp('$last_run_date','yyyy-MM-dd')) PTA ON df15.PROV_ID = PTA.PROV_ID WHERE PTA.PROV_ID IS NULL",
					"df15_2_17_query_tables":"F5938DBE_ADR;F5938DBE_PROV_TIN_ADR",
					"df22_query_skip1": "SELECT * FROM df15_1_query UNION SELECT * FROM df15_2_17_query UNION SELECT * FROM df15_3_query",
					"df22_query_skip1_tables":"",
					"df16_query": "SELECT  PT.PROV_ID,'Y' AS contract_only_chg FROM F5938DBE_PROV_TRANS PT INNER JOIN df15_2_query df15 WHERE  PT.PROV_ID = df15.PROV_ID AND trim(PT.PROV_NTWK_CONTR_CD) <> '' AND trim(PT.ADR_CD) = '' AND trim(PT.PROV_ADR_SURCHR_CD) = ''  AND trim(PT.PROV_ADR_TEL_CM_CD) = '' AND trim(PT.PROV_AFFIL_CD) = '' AND trim(PT.PROV_CD)= ''  AND trim(PT.PROV_COMMT_CD)  = ''  AND trim(PT.PROV_LIC_CD) = '' AND trim(PT.PROV_DEG_CD)= ''  AND trim(PT.PROV_DRG_ENFC_A_CD) = ''  AND trim(PT.PROV_PROC_XCPT_CD) = ''  AND trim(PT.PROV_SPCL_CD) = ''  AND trim(PT.PROV_TIN_ADR_CD) = '' AND trim(PT.PROV_TIN_ADR_LI_CD) = '' AND trim(PT.PROV_TIN_PAY_AF_CD) = '' AND trim(PT.TAX_ID_NBR_CD) = '' AND trim(PT.TEL_CMNCT_CD) = ''",
					"df16_query_tables":"",
					"df18_query": "SELECT  P.PROV_ID, P.PROV_TYP_CD,P.ORG_TYP_CD  ,P.CREAT_DT  ,P.LST_UPDT_DT  ,P.ORIG_EFF_DT  ,P.CANC_DT,df.PQD_OR_FQD,df.UPDATED_TABLE,'X' AS UPDT_TYP_CD  FROM F5938DBE_PROV P INNER JOIN df22_query_skip1 df  ON  P.PROV_ID = df.prov_id WHERE (unix_timestamp(P.CANC_DT,'yyyy-MM-dd') = unix_timestamp('9999-12-31','yyyy-MM-dd') OR (unix_timestamp(P.LST_UPDT_DT,'yyyy-MM-dd') > unix_timestamp('$last_run_date','yyyy-MM-dd')))",
					"df18_query_tables":"F5938DBE_PROV",
					"df_skip_fac":"SELECT df.* FROM df18FNPAll df WHERE ((trim(PROV_TYP_CD)='O' AND (trim(ORG_TYP_CD) = '033' OR trim(ORG_TYP_CD) = '050')) OR trim(PROV_TYP_CD)!='O')",
					"df_skip_fac_tables":""
				}
			}],

			"contractQueries": [{
				"headerDesc": "NA",
				"headerDateFormat": "NA",
				"trailerDesc": "NA",
				"outFileColDelim": "NA",
				"trgColumn": "CONTR_OUT_VENDR_CD;CONTR_OUT_PROV_TYP_CD;CONTR_OUT_PROV_ID;CONTR_OUT_CONTR_ID;CONTR_OUT_TAX_ID_NBR;CONTR_OUT_ORG_TYP_CD",
				"trgDataTypeLen": "5;1;9;9;9;3",
				"queries": {
					"df6_query": "SELECT  MKT_NBR,CONTR_TYP_CD,IPA_NBR,PRDCT_OFR_ID FROM F5938DBE_DATA_VEND_CRIT_DTL WHERE trim(DATA_VEND_CD) = '$vendor_cd' AND CRIT_ID = 6 AND trim(DATA_VEND_FUNC_CD) = 'E'  AND trim(CRIT_COND_CD) = 'I' AND trim(ACTV_CD) = 'A' ORDER BY MKT_NBR, CONTR_TYP_CD, IPA_NBR, PRDCT_OFR_ID",
					"df6_query_tables":"",
					"df7_query": "SELECT MKT_NBR,CONTR_TYP_CD,IPA_NBR,PRDCT_OFR_ID FROM F5938DBE_DATA_VEND_CRIT_DTL WHERE trim(DATA_VEND_CD)= '$vendor_cd' AND CRIT_ID = 6 AND DATA_VEND_FUNC_CD = 'E' AND CRIT_COND_CD = 'E' AND ACTV_CD = 'A' ORDER BY MKT_NBR, CONTR_TYP_CD, IPA_NBR, PRDCT_OFR_ID",
					"df7_query_tables":"",
					"df19_query": "SELECT PNC.PROV_ID FROM F5938DBE_PROV_NTWK_CONTR PNC INNER JOIN df18FNPAll df_con ON  PNC.PROV_ID = df_con.PROV_ID WHERE (unix_timestamp(PNC.CANC_DT,'yyyy-MM-dd') = unix_timestamp('9999-12-31','yyyy-MM-dd') OR (unix_timestamp(PNC.LST_UPDT_DT,'yyyy-MM-dd') > unix_timestamp('$last_run_date','yyyy-MM-dd')))",
					"df19_query_tables":"F5938DBE_PROV_NTWK_CONTR",
					"df19_nonParYPrv":"SELECT df.PROV_ID FROM df18FNPAll df LEFT OUTER JOIN df19_query df19 ON df.PROV_ID=df19.PROV_ID WHERE df19.PROV_ID IS NULL",
					"df19_nonParPrv":"",
					"df_20Full_query": "SELECT PNC.PROV_ID ,PNC.CONTR_ID ,PNC.MKT_NBR ,PNC.CONTR_TYP_CD  ,PNC.IPA_NBR ,PNC.PRDCT_OFR_ID,PNC.TAX_ID_NBR ,PNC.CREAT_DT ,PNC.EFF_DT  ,PNC.CANC_DT ,PNC.LST_UPDT_DT,PRO.PROV_TYP_CD,PRO.ORG_TYP_CD  FROM  F5938DBE_PROV_NTWK_CONTR PNC INNER JOIN F5938DBE_PROV PRO ON PNC.PROV_ID   = PRO.PROV_ID INNER JOIN df19_query dfInp ON PNC.PROV_ID   = dfInp.PROV_ID  WHERE unix_timestamp(PNC.CANC_DT,'yyyy-MM-dd') = unix_timestamp('9999-12-31','yyyy-MM-dd')",
					"df_20Full_query_tables":"",
					"df_20_query": "SELECT PNC.PROV_ID ,PNC.CONTR_ID ,PNC.MKT_NBR ,PNC.CONTR_TYP_CD  ,PNC.IPA_NBR ,PNC.PRDCT_OFR_ID,PNC.TAX_ID_NBR ,PNC.CREAT_DT ,PNC.EFF_DT  ,PNC.CANC_DT ,PNC.LST_UPDT_DT,PRO.PROV_TYP_CD,PRO.ORG_TYP_CD  FROM  F5938DBE_PROV_NTWK_CONTR PNC INNER JOIN F5938DBE_PROV PRO ON PNC.PROV_ID   = PRO.PROV_ID INNER JOIN df19_query dfInp ON PNC.PROV_ID   = dfInp.PROV_ID",
					"df_20_query_tables":"",
					"df_all_inc": "SELECT df20.* FROM df_20_query df20,df6_query df6 WHERE (df6.MKT_NBR = 00 OR df6.MKT_NBR = df20.MKT_NBR) AND (trim(df6.CONTR_TYP_CD) = 'B' OR df6.CONTR_TYP_CD = df20.CONTR_TYP_CD)  AND (df6.IPA_NBR = 0 OR df6.IPA_NBR = df20.IPA_NBR) AND (trim(df6.PRDCT_OFR_ID) = '00' OR trim(df6.PRDCT_OFR_ID) = trim(df20.PRDCT_OFR_ID))",
					"df_all_inc_tables":"",
					"df_all_inc_exc": "SELECT DISTINCT df20.PROV_ID,df20.CONTR_ID FROM df_all_inc df20,df7_query df7 WHERE ((df7.MKT_NBR = 00 OR df7.MKT_NBR = df20.MKT_NBR) AND (trim(df7.CONTR_TYP_CD) = 'B' OR df7.CONTR_TYP_CD = df20.CONTR_TYP_CD)  AND (df7.IPA_NBR = 0 OR df7.IPA_NBR = df20.IPA_NBR) AND (trim(df7.PRDCT_OFR_ID) = '00' OR trim(df7.PRDCT_OFR_ID) = trim(df20.PRDCT_OFR_ID)))",
					"df_all_inc_exc_tables":"",
					"df_all_inc_exc_final": "SELECT df20.* FROM df_all_inc df20 LEFT OUTER JOIN df_all_inc_exc df_ex ON df_ex.PROV_ID = df20.PROV_ID and df_ex.CONTR_ID = df20.CONTR_ID WHERE df_ex.PROV_ID IS NULL AND df_ex.CONTR_ID IS NULL",
					"df_all_inc_exc_final_tables":"",
					"df_20_newContracts": "SELECT PROV_ID,CONTR_ID,'C' AS contyp FROM df_20_query_2250 WHERE unix_timestamp(CREAT_DT,'yyyy-MM-dd') > unix_timestamp('$last_run_date','yyyy-MM-dd') AND unix_timestamp(EFF_DT,'yyyy-MM-dd') <> unix_timestamp(CANC_DT,'yyyy-MM-dd')",
					"df_20_newContracts_tables":"",
					"df_20_ActContracts": "SELECT PROV_ID,CONTR_ID,'C' AS contyp FROM df_20_query_2250 WHERE unix_timestamp(CREAT_DT,'yyyy-MM-dd') <= unix_timestamp('$last_run_date','yyyy-MM-dd') AND unix_timestamp(CANC_DT,'yyyy-MM-dd') = unix_timestamp('9999-12-31','yyyy-MM-dd')",
					"df_20_ActContracts_tables":"",
					"df_20_TermContracts": "SELECT PROV_ID,CONTR_ID,'C' AS contyp FROM df_20_query_2250 WHERE unix_timestamp(CREAT_DT,'yyyy-MM-dd') <= unix_timestamp('$last_run_date','yyyy-MM-dd') AND unix_timestamp(CANC_DT,'yyyy-MM-dd') <> unix_timestamp('9999-12-31','yyyy-MM-dd')",
					"df_20_TermContracts_tables":"",
					"df_20_VendorChg": "SELECT PROV_ID,CONTR_ID,'C' AS contyp FROM df_20_query_2250 WHERE unix_timestamp(CREAT_DT,'yyyy-MM-dd') <= unix_timestamp('$last_run_date','yyyy-MM-dd') AND unix_timestamp(LST_UPDT_DT,'yyyy-MM-dd') > unix_timestamp('$last_run_date','yyyy-MM-dd')",
					"df_20_VendorChg_tables":"",
					"df20_skip1": "SELECT * FROM df_20_newContracts UNION SELECT * FROM df_20_ActContracts UNION SELECT PROV_ID,CONTR_ID,'C' AS contyp FROM df_20_VendorChg",
					"df20_skip1_tables":"",
					"contract_df": "SELECT '$vendor_cd' AS CONTR_OUT_VENDR_CD,lpad(cast(df20.PROV_ID AS STRING),9,0) AS CONTR_OUT_PROV_ID,lpad(cast(df20.CONTR_ID AS STRING),9,0) AS CONTR_OUT_CONTR_ID,lpad(cast(df20.TAX_ID_NBR AS STRING),9,0) AS CONTR_OUT_TAX_ID_NBR,df20.PROV_TYP_CD AS CONTR_OUT_PROV_TYP_CD,df20.ORG_TYP_CD AS CONTR_OUT_ORG_TYP_CD FROM df_20_query_2250 df20 INNER JOIN  df20_skip1 dfs ON df20.PROV_ID = dfs.PROV_ID and df20.CONTR_ID = dfs.CONTR_ID",
					"contract_df_tables":""
				}
			}],
			"providerQueries": [{
				"headerDesc": "NA",
				"headerDateFormat": "NA",
				"trailerDesc": "NA",
				"outFileColDelim": "NA",
				"trgColumn": "PROV_OUT_VENDR_CD;PROV_OUT_PROV_TYP_CD;PROV_OUT_UPDT_TYP_CD;PROV_OUT_PROV_ID;PROV_OUT_VEND_KEY;PROV_PQD_OR_FQD_CNT;PROV_OUT_ORG_TYP_CD",
				"trgDataTypeLen": "5;1;1;9;12;9;3",
				"queries": {
					"df_newProvs": "SELECT  PROV_ID,'P' AS protyp FROM df9N22_skip3 WHERE unix_timestamp(ORIG_EFF_DT,'yyyy-MM-dd') > unix_timestamp('$last_run_date','yyyy-MM-dd') AND unix_timestamp(ORIG_EFF_DT,'yyyy-MM-dd') <> unix_timestamp(CANC_DT,'yyyy-MM-dd')",
					"df_newProvs_tables":"",
					"df_noChgProvs": "SELECT  PROV_ID,'P' AS protyp FROM df9N22_skip3 WHERE unix_timestamp(ORIG_EFF_DT,'yyyy-MM-dd') > unix_timestamp('$last_run_date','yyyy-MM-dd') AND unix_timestamp(ORIG_EFF_DT,'yyyy-MM-dd')=unix_timestamp(CANC_DT,'yyyy-MM-dd')",
					"df_noChgProvs_tables":"",
					"df_actProvs": "SELECT  PROV_ID,'P' AS protyp FROM df9N22_skip3 WHERE unix_timestamp(ORIG_EFF_DT,'yyyy-MM-dd') <= unix_timestamp('$last_run_date','yyyy-MM-dd') AND unix_timestamp(CANC_DT,'yyyy-MM-dd') = unix_timestamp('9999-12-31','yyyy-MM-dd')",
					"df_actProvs_tables":"",
					"df_termProvs": "SELECT  PROV_ID,'P' AS protyp FROM df9N22_skip3 WHERE unix_timestamp(ORIG_EFF_DT,'yyyy-MM-dd') <= unix_timestamp('$last_run_date','yyyy-MM-dd') AND unix_timestamp(CANC_DT,'yyyy-MM-dd') <> unix_timestamp('9999-12-31','yyyy-MM-dd')",
					"df_termProvs_tables":"",
					"df_allProviders": "SELECT df9.* FROM df9N22_skip3 df9 LEFT OUTER JOIN df19_query df19 ON df9.PROV_ID =df19.PROV_ID where df19.PROV_ID IS NULL AND '$non_par_ind' ='Y' UNION SELECT df9.* FROM df9N22_skip3 df9 INNER JOIN df19_query df19 ON df9.PROV_ID = df19.PROV_ID INNER JOIN contract_df con ON con.CONTR_OUT_PROV_ID = df9.PROV_ID",
					"df_allProviders_tables":"",
					"skip1" : "SELECT DISTINCT(df_all.PROV_ID) FROM df_allProviders df_all INNER JOIN df16_query df16 ON df16.PROV_ID = df_all.PROV_ID UNION SELECT DISTINCT(df_all.PROV_ID) FROM df_allProviders df_all where UPDATED_TABLE = 'YLIN'",
					"skip1_tables":"",
					"skip_prov_df" : "SELECT DISTINCT(df_all.PROV_ID) FROM skip1 df_all where df_all.PROV_ID NOT IN (SELECT DISTINCT(v.PROV_ID) FROM df_20_VendorChg v UNION SELECT DISTINCT(n.PROV_ID) FROM df_20_newContracts n)",
					"skip_prov_df_tables":"",
					"df9N22_skip4": "SELECT df.* FROM df_allProviders df LEFT OUTER JOIN skip_prov_df spd ON spd.PROV_ID = df.PROV_ID WHERE spd.PROV_ID IS NULL",
					"df9N22_skip4_tables":"",
					"upd_NP_new_prov": "SELECT PROV_ID,'A' as update_typ FROM df9N22_skip4 where '$non_par_ind' ='Y' AND PROV_ID IN (SELECT PROV_ID FROM df_newProvs)",
					"upd_NP_new_prov_tables":"",
					"upd_NP_act_prov": "SELECT PROV_ID,'C' as update_typ FROM df9N22_skip4 where '$non_par_ind' ='Y' AND PROV_ID IN (SELECT PROV_ID FROM df_actProvs)",
					"upd_NP_act_prov_tables":"",
					"upd_NP_term_prov": "SELECT PROV_ID,'T' as update_typ FROM df9N22_skip4 where '$non_par_ind' ='Y' AND PROV_ID IN (SELECT PROV_ID FROM df_termProvs)",
					"upd_NP_term_prov_tables":"",
					"update_typ_set1":"SELECT * FROM upd_NP_new_prov UNION SELECT * FROM upd_NP_act_prov UNION SELECT * FROM upd_NP_term_prov",
					"update_typ_set1_tables":"",
					"upd_NP_nat_con":"SELECT n.PROV_ID from df_20_NewContracts n LEFT OUTER JOIN df_20_ActContracts a ON a.PROV_ID=n.PROV_ID LEFT OUTER JOIN df_20_TermContracts t ON t.PROV_ID=n.PROV_ID WHERE (a.PROV_ID IS NULL AND t.PROV_ID IS NULL)",
					"upd_NP_nat_con_tables":"",
					"upd_NP_new_con": "SELECT PROV_ID,'A' as update_typ FROM df9N22_skip4 where PROV_ID IN (SELECT PROV_ID FROM upd_NP_nat_con) AND PROV_ID NOT IN (SELECT PROV_ID FROM update_typ_set1)",
					"upd_NP_new_con_tables":"",
					"upd_NP_at_con":"SELECT DISTINCT(n.PROV_ID) from df_20_NewContracts n INNER JOIN df_20_ActContracts a ON a.PROV_ID=n.PROV_ID UNION SELECT DISTINCT(n.PROV_ID) from df_20_NewContracts n INNER JOIN df_20_TermContracts t ON t.PROV_ID=n.PROV_ID",
					"upd_NP_at_con_tables":"",
					"upd_NP_act_con": "SELECT PROV_ID,'C' as update_typ FROM df9N22_skip4 where PROV_ID IN (SELECT PROV_ID FROM df_20_ActContracts UNION SELECT PROV_ID FROM upd_NP_at_con) AND PROV_ID NOT IN (SELECT PROV_ID FROM update_typ_set1) ",
					"upd_NP_act_con_tables":"",
					"upd_NP_term_con": "SELECT PROV_ID,'T' as update_typ FROM df9N22_skip4 where  PROV_ID IN (SELECT PROV_ID FROM df_20_TermContracts) AND PROV_ID NOT IN (SELECT PROV_ID FROM update_typ_set1)",
					"upd_NP_term_con_tables":"",
					"df_upd_typ_all": "SELECT * FROM update_typ_set1 UNION SELECT * FROM upd_NP_new_con UNION SELECT * FROM upd_NP_act_con UNION SELECT * FROM upd_NP_term_con",
					"df_upd_typ_all_tables":"",
					"df_upd_typ_all_unique": "SELECT rs.PROV_ID, rs.update_typ FROM (SELECT *,ROW_NUMBER() OVER (PARTITION BY PROV_ID ORDER BY update_typ) AS RNUM FROM df_upd_typ_all) rs WHERE rs.RNUM=1",
					"df_upd_typ_all_unique_tables":"",
					"pre_provider_df": "SELECT df_in.PROV_ID,'$vendor_cd' AS PRO_VENDR_CD,CASE WHEN unix_timestamp(CREAT_DT,'yyyy-MM-dd') > unix_timestamp('$last_run_date','yyyy-MM-dd') AND unix_timestamp(CREAT_DT,'yyyy-MM-dd') <> unix_timestamp(CANC_DT,'yyyy-MM-dd') THEN 'A' WHEN unix_timestamp(CREAT_DT,'yyyy-MM-dd') <= unix_timestamp('$last_run_date','yyyy-MM-dd') AND unix_timestamp(CANC_DT,'yyyy-MM-dd') = unix_timestamp('9999-12-31','yyyy-MM-dd') THEN 'C' WHEN unix_timestamp(CREAT_DT,'yyyy-MM-dd') <= unix_timestamp('$last_run_date','yyyy-MM-dd') AND unix_timestamp(CANC_DT,'yyyy-MM-dd') <> unix_timestamp('9999-12-31','yyyy-MM-dd') THEN 'T' ELSE ' ' END AS UPDT_TYP_CD,PROV_TYP_CD,ORG_TYP_CD,PQD_OR_FQD FROM df9N22_skip4 df_in",
					"pre_provider_df_tables":"",
					"df21_query": "SELECT VREL_PPI_NUM AS PROV_ID,VREL_VEN_ID FROM F5938DBE_VPVVREL V WHERE trim(VREL_CODE) = '$vendor_cd'",
					"df21_query_tables":"F5938DBE_VPVVREL",
					"provider_df": "SELECT lpad(cast(df1.PROV_ID AS STRING),9,0) AS PROV_OUT_PROV_ID,'$vendor_cd' AS PROV_OUT_VENDR_CD,df1.UPDT_TYP_CD AS PROV_OUT_UPDT_TYP_CD,df1.PROV_TYP_CD AS PROV_OUT_PROV_TYP_CD,df1.ORG_TYP_CD AS PROV_OUT_ORG_TYP_CD,COALESCE(trim(cast(df2.VREL_VEN_ID AS STRING)),' ') AS PROV_OUT_VEND_KEY,PQD_OR_FQD AS PROV_PQD_OR_FQD_CNT FROM pre_provider_df df1 LEFT OUTER JOIN df21_query df2 ON df1.PROV_ID = df2.PROV_ID",
					"provider_df_tables":"",
					"provider_df_full": "SELECT lpad(cast(df1.PROV_ID AS STRING),9,0) AS PROV_OUT_PROV_ID,'$vendor_cd' AS PROV_OUT_VENDR_CD,'A' AS PROV_OUT_UPDT_TYP_CD,df1.PROV_TYP_CD AS PROV_OUT_PROV_TYP_CD,df1.ORG_TYP_CD AS PROV_OUT_ORG_TYP_CD,COALESCE(trim(cast(df2.VREL_VEN_ID AS STRING)),' ') AS PROV_OUT_VEND_KEY,PQD_OR_FQD AS PROV_PQD_OR_FQD_CNT FROM pre_provider_df df1 LEFT OUTER JOIN df21_query df2 ON df1.PROV_ID = df2.PROV_ID",
					"provider_df_full_tables":""
				}
			}]
		}]

	}]
}]
