<workflow-app xmlns="uri:oozie:workflow:0.4" name='${jobName}'>

	<global>
		<job-tracker>${jobTracker}</job-tracker>
		<name-node>${nameNode}</name-node>
		<configuration>
			<property>
				<name>mapred.job.queue.name</name>
				<value>${queueName}</value>
			</property>
		</configuration>
	</global>


	<start to="NDB-Spark-Job" />

	<action name="NDB-Spark-Job">
		<spark xmlns="uri:oozie:spark-action:0.1">
			<job-tracker>${jobTracker}</job-tracker>
			<name-node>${nameNode}</name-node>
			<prepare>
			</prepare>
			<configuration>
				<property>
					<name>yarn.app.mapreduce.am.log.level</name>
					<value>DEBUG</value>
				</property>
				<property>
					<name>fs.mapr.trace</name>
					<value>DEBUG</value>
				</property>
				<property>
					<name>mapreduce.job.queuename</name>
					<value>${queueName}</value>
				</property>
				<property>
					<name>oozie.launcher.mapreduce.task.classpath.user.precedence</name>
					<value>false</value>
				</property>
				<property>
					<name>oozie.launcher.mapreduce.user.classpath.first</name>
					<value>false</value>
				</property>
				<property>
					<name>oozie.launcher.mapreduce.map.memory.mb</name>
					<value>10240</value>
				</property>
				<property>
					<name>oozie.launcher.mapreduce.map.java.opts</name>
					<value>-Xmx9000m</value>
				</property>

				<property>
					<name>oozie.launcher.mapreduce.job.queue.name</name>
					<value>${queueName}</value>
				</property>
				<property>
					<name>oozie.service.SparkConfigurationService.spark.configurations</name>
					<value>spark.eventLog.dir=maprfs:///apps/spark/logs,
					       spark.yarn.historyServer.address=http://dbsld0035.uhc.com:18080,
					       spark.eventLog.enabled=true</value>
				</property>
			</configuration>
			<master>${master}</master>
			<mode>${mode}</mode>
			<name>NDB Provisioning Extract </name>
			<class>${ClassName}</class>
			<jar>${ProvisioningExtractJar}</jar>
			<spark-opts>
				--queue ${queueName} 
				--executor-memory 8g 
				--driver-memory 4g 
				--num-executors 15 
				--executor-cores 5 
				--conf spark.kryoserializer.buffer.max=512m 
				--conf spark.sql.crossJoin.enabled=true
			  	--conf spark.eventLog.dir=maprfs:///apps/spark/logs
				--conf spark.eventLog.enabled=true
				--conf spark.yarn.preserve.staging.files=true
				--conf spark.executor.extraJavaOptions=-verbose:class
				--driver-java-options "-Dlog4j.configuration=file:${log4j} -DlogFilePath=${logFilePath} -DlogFileName=${logFileName}_${wf:id()} -DrootLoggerOpt=${rootLoggerOpt}"
			</spark-opts>
			<arg>${environment}</arg>
			<arg>${table_name}</arg>
			<arg>${thriftServerUrl}</arg>
		</spark>
<!--		<ok to="SFTP_ZIP_Script"/> -->  
		<ok to="move_dsv_file_Script"/> 
		<error to="FailEMailAction" />
	</action>

 	<action name="move_dsv_file_Script">

		<shell xmlns="uri:oozie:shell-action:0.2">
			<job-tracker>${jobTracker}</job-tracker>
			<name-node>${nameNode}</name-node>
			<configuration>
				<property>
					<name>mapred.job.queue.name</name>
					<value>${queueName}</value>
				</property>
			</configuration>
			<exec>${ShellScriptName}</exec>
			<argument>${DSVConfigLocation}</argument>
			<argument>${peDatArchiveLocation}</argument>
			<argument>${logFilePath}/${logFileName}_${wf:id()}.log</argument>
			<file>${ShellScriptDir}</file>
			<!-- <capture-output/> -->
		</shell>
		<ok to="PassEMailAction" />
		<error to="FailEMailAction" />
	</action>
 

	<action name="PassEMailAction">
		<email xmlns="uri:oozie:email-action:0.2">
			<to>${EmailTo}</to>
			<cc>${EmailCc}</cc>
			<subject>${environment} : Table Creation/loading Succssful for : ${table_name}</subject>
			<body>Table Creation/loading Succssful for : ${table_name} and Workflow ID is ${wf:id()}
			</body>
			<!-- <attachment>/datalake/uhclake/tst/developer/pankaj/scripts/chy_extract/Acrobat_Document.pdf</attachment> -->
		</email>

		<ok to="end" />
		<error to="fail" />
	</action>
	
	<action name="FailEMailAction">
		<email xmlns="uri:oozie:email-action:0.2">
			<to>${EmailTo}</to>
			<cc>${EmailCc}</cc>
			<subject> ${environment} : Table Creation/loading failed for : ${table_name}</subject>
			<body>Table Creation/loading failed for : ${table_name}
				The error message is: ${wf:errorMessage(wf:lastErrorNode())} and Workflow ID: ${wf:id()}
			</body>
			<!-- <attachment>/datalake/uhclake/tst/developer/pankaj/scripts/chy_extract/Acrobat_Document.pdf</attachment> -->
		</email>

		<ok to="end" />
		<error to="fail" />
	</action>
	
	<kill name="fail">
		<message>Spark action failed, error
			message[${wf:errorMessage(wf:lastErrorNode())}]</message>
	</kill>
	<end name="end" />
</workflow-app>

