<?xml version="1.0" encoding="UTF-8"?>
<project xmlns="http://maven.apache.org/POM/4.0.0" xmlns:xsi="http://www.w3.org/2001/XMLSchema-instance" xsi:schemaLocation="http://maven.apache.org/POM/4.0.0 http://maven.apache.org/maven-v4_0_0.xsd">
  <modelVersion>4.0.0</modelVersion>
  <groupId>NDB-EPDE</groupId>
  <artifactId>NDB-EPDE</artifactId>
  <version>1.0-SNAPSHOT</version>
  <build>
    <sourceDirectory>src/main/scala</sourceDirectory>
    <testSourceDirectory>src/test/scala</testSourceDirectory>
    <resources>
      <resource>
        <directory>src/main/resources</directory>
      </resource>
    </resources>
    <pluginManagement>
      <plugins>
        <plugin>
          <groupId>org.scala-tools</groupId>
          <artifactId>maven-scala-plugin</artifactId>
          <version>2.15.0</version>
        </plugin>
        <plugin>
          <artifactId>maven-site-plugin</artifactId>
          <version>3.5.1</version>
        </plugin>
      </plugins>
    </pluginManagement>
    <plugins>
      <plugin>
        <artifactId>maven-surefire-plugin</artifactId>
        <version>2.7</version>
        <configuration>
          <skipTests>false</skipTests>
        </configuration>
      </plugin>
      <plugin>
        <groupId>org.scalatest</groupId>
        <artifactId>scalatest-maven-plugin</artifactId>
        <version>1.0</version>
        <executions>
          <execution>
            <id>test</id>
            <goals>
              <goal>test</goal>
            </goals>
          </execution>
        </executions>
        <configuration>
          <reportsDirectory>${project.build.directory}/surefire-reports</reportsDirectory>
          <junitxml>.</junitxml>
          <filereports>WDF TestSuite.txt</filereports>
          <htmlreporters>${project.build.directory}/html/scalatest</htmlreporters>
          <skipTests>false</skipTests>
        </configuration>
      </plugin>
      <plugin>
        <groupId>org.scoverage</groupId>
        <artifactId>scoverage-maven-plugin</artifactId>
        <version>1.3.0</version>
        <executions>
          <execution>
            <phase>test</phase>
            <goals>
              <goal>report</goal>
            </goals>
          </execution>
        </executions>
        <configuration>
          <scalaVersion>2.11.8</scalaVersion>
          <minimumCoverage>80</minimumCoverage>
          <failOnMinimumCoverage>true</failOnMinimumCoverage>
        </configuration>
      </plugin>
      <plugin>
        <groupId>net.alchim31.maven</groupId>
        <artifactId>scala-maven-plugin</artifactId>
        <version>3.2.2</version>
        <executions>
          <execution>
            <id>compile</id>
            <phase>compile</phase>
            <goals>
              <goal>compile</goal>
            </goals>
          </execution>
          <execution>
            <id>test-compile</id>
            <phase>test-compile</phase>
            <goals>
              <goal>testCompile</goal>
            </goals>
          </execution>
          <execution>
            <phase>process-resources</phase>
            <goals>
              <goal>compile</goal>
            </goals>
          </execution>
        </executions>
      </plugin>
      <plugin>
        <artifactId>maven-eclipse-plugin</artifactId>
        <version>2.10</version>
        <configuration>
          <downloadSources>true</downloadSources>
          <buildcommands>
            <buildcommand>ch.epfl.lamp.sdt.core.scalabuilder</buildcommand>
          </buildcommands>
          <additionalProjectnatures>
            <projectnature>ch.epfl.lamp.sdt.core.scalanature</projectnature>
          </additionalProjectnatures>
          <classpathContainers>
            <classpathContainer>org.eclipse.jdt.launching.JRE_CONTAINER</classpathContainer>
            <classpathContainer>ch.epfl.lamp.sdt.launching.SCALA_CONTAINER</classpathContainer>
          </classpathContainers>
        </configuration>
      </plugin>
      <plugin>
        <artifactId>maven-shade-plugin</artifactId>
        <version>3.1.0</version>
        <executions>
          <execution>
            <phase>package</phase>
            <goals>
              <goal>shade</goal>
            </goals>
            <configuration>
              <artifactSet>
                <includes>
                  <include>jcifs:jcifs</include>
                  <include>com.itextpdf:itextpdf</include>
                  <include>com.itextpdf.tool:xmlworker</include>
                  <include>io.spray:spray-json_${scala.version}</include>
                  <include>com.typesafe:config</include>
                </includes>
              </artifactSet>
            </configuration>
          </execution>
        </executions>
      </plugin>
      <plugin>
        <groupId>org.scalastyle</groupId>
        <artifactId>scalastyle-maven-plugin</artifactId>
        <version>1.0.0</version>
        <executions>
          <execution>
            <phase>compile</phase>
            <goals>
              <goal>check</goal>
            </goals>
          </execution>
        </executions>
        <configuration>
          <verbose>false</verbose>
          <failOnViolation>true</failOnViolation>
          <includeTestSourceDirectory>true</includeTestSourceDirectory>
          <failOnWarning>false</failOnWarning>
          <sourceDirectory>src/main/scala</sourceDirectory>
          <testSourceDirectory>src/test/scala</testSourceDirectory>
          <configLocation>lib/scalastyle-config.xml</configLocation>
          <outputFile>lib/scalastyle-output.xml</outputFile>
          <outputEncoding>UTF-8</outputEncoding>
        </configuration>
      </plugin>
      <plugin>
        <groupId>org.codehaus.mojo</groupId>
        <artifactId>xml-maven-plugin</artifactId>
        <version>1.0.2</version>
        <executions>
          <execution>
            <phase>compile</phase>
            <goals>
              <goal>transform</goal>
            </goals>
          </execution>
        </executions>
        <configuration>
          <transformationSets>
            <transformationSet>
              <dir>lib/</dir>
              <stylesheet>lib/scalastyle-output.xsl</stylesheet>
              <includes>scalastyle-output.xml</includes>
              <fileMappers>
                <fileMapper>
                  <pattern>\.xml$</pattern>
                  <replacement>.html</replacement>
                </fileMapper>
              </fileMappers>
            </transformationSet>
          </transformationSets>
        </configuration>
      </plugin>
    </plugins>
  </build>
  <repositories>
    <repository>
      <id>scala-tools.org</id>
      <name>Scala-Tools Maven2 Repository</name>
      <url>http://scala-tools.org/repo-releases</url>
    </repository>
    <repository>
      <id>org.source.repo</id>
      <url>http://repo.maven.apache.org/maven2//</url>
    </repository>
    <repository>
      <releases>
        <enabled>false</enabled>
      </releases>
      <id>apache.snapshots</id>
      <name>Apache Snapshot Repository</name>
      <url>http://repository.apache.org/snapshots</url>
    </repository>
    <repository>
      <releases />
      <snapshots>
        <enabled>false</enabled>
      </snapshots>
      <id>mapr-releases</id>
      <url>http://repository.mapr.com/maven/</url>
    </repository>
  </repositories>
  <pluginRepositories>
    <pluginRepository>
      <id>scala-tools.org</id>
      <name>Scala-Tools Maven2 Repository</name>
      <url>http://scala-tools.org/repo-releases</url>
    </pluginRepository>
    <pluginRepository>
      <releases>
        <updatePolicy>never</updatePolicy>
      </releases>
      <snapshots>
        <enabled>false</enabled>
      </snapshots>
      <id>central</id>
      <name>Maven Plugin Repository</name>
      <url>http://repo1.maven.org/maven2</url>
    </pluginRepository>
  </pluginRepositories>
  <dependencies>
    <dependency>
      <groupId>com.mapr.db</groupId>
      <artifactId>maprdb-spark</artifactId>
      <version>2.2.1-mapr-1803</version>
      <scope>compile</scope>
    </dependency>
    <dependency>
      <groupId>org.scala-lang</groupId>
      <artifactId>scala-compiler</artifactId>
      <version>2.11.8</version>
      <scope>compile</scope>
    </dependency>
    <dependency>
      <groupId>org.scala-lang</groupId>
      <artifactId>scala-library</artifactId>
      <version>2.11.8</version>
      <scope>compile</scope>
    </dependency>
    <dependency>
      <groupId>com.mapr.db</groupId>
      <artifactId>maprdb-mapreduce</artifactId>
      <version>6.0.1-mapr</version>
      <scope>provided</scope>
      <exclusions>
        <exclusion>
          <artifactId>ojai-mapreduce</artifactId>
          <groupId>org.ojai</groupId>
        </exclusion>
        <exclusion>
          <artifactId>maprdb</artifactId>
          <groupId>com.mapr.db</groupId>
        </exclusion>
      </exclusions>
    </dependency>
    <dependency>
      <groupId>org.ojai</groupId>
      <artifactId>ojai</artifactId>
      <version>2.0-mapr-1710</version>
      <scope>provided</scope>
      <exclusions>
        <exclusion>
          <artifactId>antlr4-runtime</artifactId>
          <groupId>org.antlr</groupId>
        </exclusion>
        <exclusion>
          <artifactId>guava</artifactId>
          <groupId>com.google.guava</groupId>
        </exclusion>
      </exclusions>
    </dependency>
    <dependency>
      <groupId>org.ojai</groupId>
      <artifactId>ojai-scala</artifactId>
      <version>2.0-mapr-1710</version>
      <scope>provided</scope>
    </dependency>
    <dependency>
      <groupId>org.apache.spark</groupId>
      <artifactId>spark-streaming_2.11</artifactId>
      <version>2.2.1-mapr-1803</version>
      <scope>compile</scope>
    </dependency>
    <dependency>
      <groupId>org.apache.spark</groupId>
      <artifactId>spark-core_2.11</artifactId>
      <version>2.2.1-mapr-1803</version>
      <scope>compile</scope>
    </dependency>
    <dependency>
      <groupId>org.scalatest</groupId>
      <artifactId>scalatest_2.11</artifactId>
      <version>3.0.1</version>
      <scope>test</scope>
      <exclusions>
        <exclusion>
          <artifactId>scalactic_2.11</artifactId>
          <groupId>org.scalactic</groupId>
        </exclusion>
      </exclusions>
    </dependency>
    <dependency>
      <groupId>org.mockito</groupId>
      <artifactId>mockito-all</artifactId>
      <version>1.10.19</version>
      <scope>test</scope>
    </dependency>
    <dependency>
      <groupId>org.apache.spark</groupId>
      <artifactId>spark-sql_2.11</artifactId>
      <version>2.2.1-mapr-1803</version>
      <scope>compile</scope>
    </dependency>
    <dependency>
      <groupId>org.apache.spark</groupId>
      <artifactId>spark-hive_2.11</artifactId>
      <version>2.2.1-mapr-1803</version>
      <scope>compile</scope>
    </dependency>
    <dependency>
      <groupId>junit</groupId>
      <artifactId>junit</artifactId>
      <version>4.4</version>
      <scope>test</scope>
    </dependency>
    <dependency>
      <groupId>org.apache.hbase</groupId>
      <artifactId>hbase-client</artifactId>
      <version>1.1.8-mapr-1710</version>
      <scope>compile</scope>
    </dependency>
    <dependency>
      <groupId>org.apache.hbase</groupId>
      <artifactId>hbase-hadoop2-compat</artifactId>
      <version>1.1.8-mapr-1710</version>
      <scope>compile</scope>
    </dependency>
    <dependency>
      <groupId>org.apache.hbase</groupId>
      <artifactId>hbase-protocol</artifactId>
      <version>1.1.8-mapr-1710</version>
      <scope>compile</scope>
    </dependency>
    <dependency>
      <groupId>org.apache.hbase</groupId>
      <artifactId>hbase-spark</artifactId>
      <version>1.1.8-mapr-1710</version>
      <scope>compile</scope>
    </dependency>
    <dependency>
      <groupId>commons-codec</groupId>
      <artifactId>commons-codec</artifactId>
      <version>1.9</version>
      <scope>compile</scope>
    </dependency>
    <dependency>
      <groupId>org.apache.commons</groupId>
      <artifactId>commons-crypto</artifactId>
      <version>1.0.0</version>
      <scope>compile</scope>
    </dependency>
    <dependency>
      <groupId>org.json4s</groupId>
      <artifactId>json4s-native_2.11</artifactId>
      <version>3.2.11</version>
      <scope>compile</scope>
    </dependency>
    <dependency>
      <groupId>org.json4s</groupId>
      <artifactId>json4s-jackson_2.11</artifactId>
      <version>3.2.11</version>
      <scope>compile</scope>
    </dependency>
    <dependency>
      <groupId>org.json4s</groupId>
      <artifactId>json4s-core_2.11</artifactId>
      <version>3.6.0-M2</version>
      <scope>compile</scope>
    </dependency>
    <dependency>
      <groupId>org.json4s</groupId>
      <artifactId>json4s-ast_2.11</artifactId>
      <version>3.6.0-M2</version>
      <scope>compile</scope>
    </dependency>
    <dependency>
      <groupId>com.fasterxml.jackson.core</groupId>
      <artifactId>jackson-core</artifactId>
      <version>2.6.5</version>
      <scope>compile</scope>
    </dependency>
    <dependency>
      <groupId>com.fasterxml.jackson.core</groupId>
      <artifactId>jackson-annotations</artifactId>
      <version>2.6.5</version>
      <scope>compile</scope>
    </dependency>
    <dependency>
      <groupId>com.fasterxml.jackson.core</groupId>
      <artifactId>jackson-databind</artifactId>
      <version>2.6.5</version>
      <scope>compile</scope>
    </dependency>
    <dependency>
      <groupId>com.fasterxml.jackson.module</groupId>
      <artifactId>jackson-module-scala_2.11</artifactId>
      <version>2.6.5</version>
      <scope>compile</scope>
    </dependency>
    <dependency>
      <groupId>org.pegdown</groupId>
      <artifactId>pegdown</artifactId>
      <version>1.2.1</version>
      <scope>test</scope>
      <exclusions>
        <exclusion>
          <artifactId>parboiled-java</artifactId>
          <groupId>org.parboiled</groupId>
        </exclusion>
      </exclusions>
    </dependency>
  </dependencies>
  <reporting>
    <plugins>
      <plugin>
        <groupId>org.scala-tools</groupId>
        <artifactId>maven-scala-plugin</artifactId>
        <configuration>
          <scalaVersion>${scala.version}</scalaVersion>
        </configuration>
      </plugin>
      <plugin>
        <groupId>org.scoverage</groupId>
        <artifactId>scoverage-maven-plugin</artifactId>
        <version>1.3.0</version>
        <reportSets>
          <reportSet>
            <reports>
              <report>report</report>
            </reports>
          </reportSet>
        </reportSets>
      </plugin>
    </plugins>
  </reporting>
  <properties>
    <scala.version>2.11</scala.version>
    <java.version>1.8</java.version>
    <hbase.version>1.1.8-mapr-1710</hbase.version>
    <scala.binary.version>2.11.8</scala.binary.version>
    <jackson.version>2.8.8</jackson.version>
    <mapr.version>6.0.1-mapr</mapr.version>
    <spark.version>2.2.1-mapr-1803</spark.version>
  </properties>
</project>

