<workflow-app xmlns="uri:oozie:workflow:0.4" name='${jobName}'>

    <global>
        <job-tracker>${jobTracker}</job-tracker>
        <name-node>${nameNode}</name-node>
        <configuration>
            <property>
                <name>mapred.job.queue.name</name>
                <value>${queueName}</value>
            </property>
        </configuration>
    </global>

    <start to="NDB-Spark-Snapshot"/>

    <action name="NDB-Spark-Snapshot">
        <spark xmlns="uri:oozie:spark-action:0.1">
            <job-tracker>${jobTracker}</job-tracker>
            <name-node>${nameNode}</name-node>
            <prepare>
            </prepare>
            <configuration>
                <property>
                    <name>mapreduce.job.queuename</name>
                    <value>${queueName}</value>
                </property>
                <property>
                    <name>oozie.launcher.mapreduce.task.classpath.user.precedence</name>
                    <value>false</value>
                </property>
                <property>
                    <name>oozie.launcher.mapreduce.user.classpath.first</name>
                    <value>false</value>
                </property>
                <property>
                    <name>oozie.launcher.mapreduce.map.memory.mb</name>
                    <value>10240</value>
                </property>
                <property>
                    <name>oozie.launcher.mapreduce.map.java.opts</name>
                    <value>-Xmx9000m</value>
                </property>

                <property>
                    <name>oozie.launcher.mapreduce.job.queue.name</name>
                    <value>${queueName}</value>
                </property>
                <property>
                    <name>oozie.service.SparkConfigurationService.spark.configurations</name>
                    <value>spark.eventLog.dir=maprfs:///apps/spark/logs,
                        spark.yarn.historyServer.address=http://dbsld0035.uhc.com:18080,
                        spark.eventLog.enabled=true
                    </value>
                </property>
            </configuration>
            <master>${master}</master>
            <mode>${mode}</mode>
            <name>NDB Provisioning Extract</name>
            <class>${ClassName}</class>
            <jar>${ProvisioningExtractJar}</jar>
            <spark-opts>
                --queue ${queueName}
                --executor-memory 12g
                --driver-memory 8g
                --num-executors 20
                --executor-cores 5
                --conf spark.yarn.executor.memoryOverhead=4096
                --conf spark.kryoserializer.buffer.max=512m
                --conf spark.sql.crossJoin.enabled=true
                --conf spark.eventLog.dir=maprfs:///apps/spark/logs
                --conf spark.yarn.maxAppAttempts=2
                --conf spark.eventLog.enabled=true
                --conf spark.yarn.preserve.staging.files=true
                --driver-java-options "-Dlog4j.configuration=file:${log4j} -DlogFilePath=${logFilePath} -DlogFileName=${jobName}_${wf:id()} -DrootLoggerOpt=${rootLoggerOpt}"
            </spark-opts>
            <arg>${snapshotFileName}</arg>
            <arg>${environment}</arg>
            <arg>${thriftServerUrl}</arg>
        </spark>
        <ok to="PassEMailAction"/>
        <error to="FailEmailAction" />
    </action>



    <action name="PassEMailAction">
        <email xmlns="uri:oozie:email-action:0.2">
            <to>${EmailTo}</to>
            <cc>${EmailCc}</cc>
            <subject>PASS - ${environment}: Snapshot creation for common tables successful for Job is: ${jobName}</subject>
            <body>
                Hi Team,

                DPO: Snapshot creation for common tables successful for  ${jobName} and Job ID is: ${wf:id()}
                LogPath : ${logFilePath}/${logFileName}_${wf:id()}.log
                Environment : ${environment}

                Regards,
                DPO Team
            </body>
            <!-- <attachment>/datalake/uhclake/tst/developer/pankaj/scripts/chy_extract/Acrobat_Document.pdf</attachment> -->
        </email>
        <ok to="end" />
        <error to="fail" />
    </action>

    <action name="FailEmailAction">
        <email xmlns="uri:oozie:email-action:0.2">
            <to>${EmailTo}</to>
            <cc>${EmailCc}</cc>
            <subject>FAIL - ${environment}: Snapshot creation for common tables failed for Job : ${jobName}</subject>
            <body>
                Hi Team,

                DPO: Snapshot creation for common tables failed for ${jobName} and Job ID is: ${wf:id()}
                LogPath : ${logFilePath}/${logFileName}_${wf:id()}.log
                Environment : ${environment}
                Error message : [${wf:errorMessage(wf:lastErrorNode())}]

                Regards,
                DPO Team
            </body>
            <!-- <attachment>/datalake/uhclake/tst/developer/pankaj/scripts/chy_extract/Acrobat_Document.pdf</attachment> -->
        </email>
        <ok to="fail" />
        <error to="fail" />
    </action>

    <action name="ProcessEndMail">
        <email xmlns="uri:oozie:email-action:0.2">
            <to>${EmailTo}</to>
            <cc>${EmailCc}</cc>
            <subject>${jobName} completed.</subject>
            <body>Prcoess Completed for ${jobName}</body>
            <!-- <attachment>/datalake/uhclake/tst/developer/pankaj/scripts/chy_extract/Acrobat_Document.pdf</attachment> -->
        </email>
        <ok to="end" />
        <error to="fail" />
    </action>


    <kill name="fail">
        <message>Spark action failed, error
            message[${wf:errorMessage(wf:lastErrorNode())}]
        </message>
    </kill>
    <end name="end"/>
</workflow-app>
