<workflow-app xmlns="uri:oozie:workflow:0.4" name='${jobName}'>

    <global>
        <job-tracker>${jobTracker}</job-tracker>
        <name-node>${nameNode}</name-node>
        <configuration>
            <property>
                <name>mapred.job.queue.name</name>
                <value>${queueName}</value>
            </property>
            <property>
                <name>oozie.action.max.output.data</name>
                <value>8192</value>
                <description>
                    Max size in characters for output data.
                </description>
            </property>
        </configuration>
    </global>


    <start to="NDB-Spark-Job"/>

    <action name="NDB-Spark-Job">
        <spark xmlns="uri:oozie:spark-action:0.1">
            <job-tracker>${jobTracker}</job-tracker>
            <name-node>${nameNode}</name-node>
            <prepare>
            </prepare>
            <!--        <job-xml>hive-site.xml</job-xml> -->
            <configuration>
                <!--      <property>
                               <name>yarn.app.mapreduce.am.log.level</name>
                               <value>DEBUG</value>
                           </property>
                           <property>
                               <name>fs.mapr.trace</name>
                               <value>DEBUG</value>
                           </property>
                 -->
                <property>
                    <name>mapreduce.job.queuename</name>
                    <value>${queueName}</value>
                </property>
                <property>
                    <name>oozie.launcher.mapreduce.task.classpath.user.precedence</name>
                    <value>false</value>
                </property>
                <property>
                    <name>oozie.launcher.mapreduce.user.classpath.first</name>
                    <value>false</value>
                </property>
                <property>
                    <name>oozie.launcher.mapreduce.map.memory.mb</name>
                    <value>10240</value>
                </property>
                <property>
                    <name>oozie.launcher.mapreduce.map.java.opts</name>
                    <value>-Xmx9000m</value>
                </property>

                <property>
                    <name>oozie.launcher.mapreduce.job.queue.name</name>
                    <value>${queueName}</value>
                </property>
                <property>
                    <name>oozie.service.SparkConfigurationService.spark.configurations</name>
                    <value>spark.eventLog.dir=maprfs:///apps/spark/logs,
                        spark.yarn.historyServer.address=http://dbsld0035.uhc.com:18080,
                        spark.eventLog.enabled=true
                    </value>
                </property>
            </configuration>
            <master>${master}</master>
            <mode>${mode}</mode>
            <name>NDB Provisioning Extract</name>
            <class>${ClassName}</class>
            <jar>${ProvisioningExtractJar}</jar>
            <spark-opts>
                --queue ${queueName}
                --executor-memory 12g
                --driver-memory 8g
                --num-executors 20
                --executor-cores 5
                --conf spark.yarn.executor.memoryOverhead=4096
                --conf spark.kryoserializer.buffer.max=512m
                --conf spark.sql.crossJoin.enabled=true
                --conf spark.eventLog.dir=maprfs:///apps/spark/logs
                --conf spark.yarn.maxAppAttempts=1
                --conf spark.eventLog.enabled=true
                --conf spark.yarn.preserve.staging.files=true
                --driver-java-options "-Dlog4j.configuration=file:${log4j} -DlogFilePath=${logFilePath} -DlogFileName=${logFileName}_${wf:id()} -DrootLoggerOpt=${rootLoggerOpt}"
            </spark-opts>
            <arg>${feedName}-${extractName}</arg>
            <arg>${environment}</arg>
            <arg>${EXTRACT_EIT_FLG}</arg>
            <arg>${thriftServerUrl}</arg>
        </spark>
        <ok to="ZIP_Extracts_Script"/>
        <error to="RaiseIncident"/>
    </action>

    <action name="ZIP_Extracts_Script">

        <shell xmlns="uri:oozie:shell-action:0.2">
            <job-tracker>${jobTracker}</job-tracker>
            <name-node>${nameNode}</name-node>
            <configuration>
                <property>
                    <name>mapred.job.queue.name</name>
                    <value>${queueName}</value>
                </property>
            </configuration>
            <exec>${ShellScriptName}</exec>
            <argument>${feedName}</argument>
            <argument>${extractName}</argument>
            <argument>${rootDir}</argument>
            <argument>${appndLastWrdFlag}</argument>
            <argument>${spclCharFile}</argument>
            <argument>${logFilePath}/${logFileName}_${wf:id()}.log</argument>
            <file>${ShellScriptDir}</file>
            <!-- <capture-output/> -->
        </shell>
        <ok to="NDB-Spark-PIT-Success" />
        <error to="RaiseIncident" />
    </action>

    <action name="NDB-Spark-PIT-Success">
        <spark xmlns="uri:oozie:spark-action:0.1">
            <job-tracker>${jobTracker}</job-tracker>
            <name-node>${nameNode}</name-node>
            <prepare>
            </prepare>
            <configuration>
                <property>
                    <name>yarn.app.mapreduce.am.log.level</name>
                    <!--                                       <value>DEBUG</value>            -->
                    <value>ERROR</value>
                </property>
                <property>
                    <name>fs.mapr.trace</name>
                    <!--                                <value>DEBUG</value>            -->
                    <value>ERROR</value>
                </property>
                <property>
                    <name>mapreduce.job.queuename</name>
                    <value>${queueName}</value>
                </property>
                <property>
                    <name>oozie.launcher.mapreduce.task.classpath.user.precedence</name>
                    <value>false</value>
                </property>
                <property>
                    <name>oozie.launcher.mapreduce.user.classpath.first</name>
                    <value>false</value>
                </property>
                <property>
                    <name>oozie.launcher.mapreduce.map.memory.mb</name>
                    <value>10240</value>
                </property>
                <property>
                    <name>oozie.launcher.mapreduce.map.java.opts</name>
                    <value>-Xmx9000m</value>
                </property>

                <property>
                    <name>oozie.launcher.mapreduce.job.queue.name</name>
                    <value>${queueName}</value>
                </property>
                <property>
                    <name>oozie.service.SparkConfigurationService.spark.configurations</name>
                    <value>spark.eventLog.dir= maprfs:///apps/spark/logs ,
                        spark.yarn.historyServer.address=http://dbsld0035.uhc.com:18080,
                        spark.eventLog.enabled=true</value>
                </property>
            </configuration>
            <master>${master}</master>
            <mode>${mode}</mode>
            <name>NDB Provisioning Extract </name>
            <class>${PIT_Update_ClassName}</class>
            <jar>${ProvisioningExtractJar}</jar>
            <spark-opts>
                --queue ${queueName}
                --executor-memory 8g
                --driver-memory 4g
                --num-executors 15
                --executor-cores 5
                --conf spark.kryoserializer.buffer.max=512m
                --conf spark.sql.crossJoin.enabled=true
                --conf spark.eventLog.dir=maprfs:///apps/spark/logs
                --conf spark.eventLog.enabled=true
                --conf spark.yarn.preserve.staging.files=true
                --driver-java-options "-Dlog4j.configuration=file:${log4j} -DlogFilePath=${logFilePath} -DlogFileName=${logFileName}_${wf:id()} -DrootLoggerOpt=${rootLoggerOpt}"
            </spark-opts>
            <arg>${feedName}-${extractName}</arg>
            <arg>${environment}</arg>
            <arg>${PIT_ZIP_STATUS}</arg>
            <arg>${logFilePath}/${logFileName}_${wf:id()}.log</arg>
            <arg>${thriftServerUrl}</arg>
        </spark>
        <ok to="PassEMailAction"/>
        <error to="RaiseIncident"/>
    </action>


    <action name="NDB-Spark-PIT-Fail">
        <spark xmlns="uri:oozie:spark-action:0.1">
            <job-tracker>${jobTracker}</job-tracker>
            <name-node>${nameNode}</name-node>
            <prepare>
            </prepare>
            <configuration>
                <property>
                    <name>yarn.app.mapreduce.am.log.level</name>
                    <!--                                        <value>DEBUG</value>            -->
                    <value>ERROR</value>
                </property>
                <property>
                    <name>fs.mapr.trace</name>
                    <!--                                <value>DEBUG</value>            -->
                    <value>ERROR</value>
                </property>
                <property>
                    <name>mapreduce.job.queuename</name>
                    <value>${queueName}</value>
                </property>
                <property>
                    <name>oozie.launcher.mapreduce.task.classpath.user.precedence</name>
                    <value>false</value>
                </property>
                <property>
                    <name>oozie.launcher.mapreduce.user.classpath.first</name>
                    <value>false</value>
                </property>
                <property>
                    <name>oozie.launcher.mapreduce.map.memory.mb</name>
                    <value>10240</value>
                </property>
                <property>
                    <name>oozie.launcher.mapreduce.map.java.opts</name>
                    <value>-Xmx9000m</value>
                </property>

                <property>
                    <name>oozie.launcher.mapreduce.job.queue.name</name>
                    <value>${queueName}</value>
                </property>
                <property>
                    <name>oozie.service.SparkConfigurationService.spark.configurations</name>
                    <value>spark.eventLog.dir= maprfs:///apps/spark/logs ,
                        spark.yarn.historyServer.address=http://dbsld0035.uhc.com:18080,
                        spark.eventLog.enabled=true</value>
                </property>
            </configuration>
            <master>${master}</master>
            <mode>${mode}</mode>
            <name>NDB Provisioning Extract </name>
            <class>${PIT_Update_ClassName}</class>
            <jar>${ProvisioningExtractJar}</jar>
            <spark-opts>
                --queue ${queueName}
                --executor-memory 8g
                --driver-memory 4g
                --num-executors 15
                --executor-cores 5
                --conf spark.kryoserializer.buffer.max=512m
                --conf spark.sql.crossJoin.enabled=true
                --conf spark.eventLog.dir=maprfs:///apps/spark/logs
                --conf spark.eventLog.enabled=true
                --conf spark.yarn.preserve.staging.files=true
                --driver-java-options "-Dlog4j.configuration=file:${log4j} -DlogFilePath=${logFilePath} -DlogFileName=${logFileName}_${wf:id()} -DrootLoggerOpt=${rootLoggerOpt}"
            </spark-opts>
            <arg>${feedName}-${extractName}</arg>
            <arg>${environment}</arg>
            <arg>${PIT_Fail_STATUS}</arg>
            <arg>${logFilePath}/${logFileName}_${wf:id()}.log</arg>
            <arg>${thriftServerUrl}</arg>
        </spark>
        <ok to="RaiseIncident"/>
        <error to="RaiseIncident" />
    </action>


    <action name="RaiseIncident">
        <shell xmlns="uri:oozie:shell-action:0.2">
            <job-tracker>${jobTracker}</job-tracker>
            <name-node>${nameNode}</name-node>
            <configuration>
                <property>
                    <name>mapred.job.queue.name</name>
                    <value>${queueName}</value>
                </property>
                <property>
                    <name>oozie.action.max.output.data</name>
                    <value>8196</value>
                </property>
            </configuration>
            <exec>${RaiseIncidentScriptName}</exec>
            <argument>${appln}</argument>
            <argument>${feedName}-${extractName}</argument>
            <argument>${environment}</argument>
            <argument>${wf:id()}</argument>
            <argument>${incParmPath}</argument>
            <argument>ERROR : [${wf:errorMessage(wf:lastErrorNode())}]</argument>
            <argument>${logFilePath}/${logFileName}_${wf:id()}.log</argument>
            <!--<argument>${logFilePath}/ServiceNow/testing.log</argument>-->
            <argument>${EmailTo}</argument>
            <argument>${EmailCc}</argument>
            <file>${RaiseIncidentScriptPath}</file>
        </shell>
        <ok to="fail2"/>
        <error to="FailEmailAction" />
    </action>


    <action name="PassEMailAction">
        <email xmlns="uri:oozie:email-action:0.2">
            <to>${EmailTo}</to>
            <cc>${EmailCc}</cc>
            <subject>PASS - ${environment}: Extract Generated successfully for ${jobName}</subject>
            <body>
                Hi Team,

                DPO: Extract Generated successfully for ${jobName} and Job ID is: ${wf:id()}
                LogPath : ${logFilePath}/${logFileName}_${wf:id()}.log
                Environment : ${environment}

                Regards,
                DPO Team
            </body>
            <!-- <attachment>/datalake/uhclake/tst/developer/pankaj/scripts/chy_extract/Acrobat_Document.pdf</attachment> -->
        </email>
        <ok to="end" />
        <error to="fail" />
    </action>

    <action name="FailEmailActionIncident">
        <email xmlns="uri:oozie:email-action:0.2">
            <to>${EmailTo}</to>
            <cc>${EmailCc}</cc>
            <subject>FAIL - ${environment}: Extract Generation Failed for ${jobName}</subject>
            <body>
                Hi Team,

                DPO: Extract Generation Failed for ${jobName} and Job ID is: ${wf:id()}
                Incident Raised : ${wf:actionData('RaiseIncident')['incidentNum']}
                LogPath : ${logFilePath}/${logFileName}_${wf:id()}.log
                Environment : ${environment}
                Error message : [${wf:errorMessage(wf:lastErrorNode())}]

                Regards,
                DPO Team
            </body>
            <!-- <attachment>/datalake/uhclake/tst/developer/pankaj/scripts/chy_extract/Acrobat_Document.pdf</attachment> -->
        </email>
        <ok to="fail" />
        <error to="fail" />
    </action>


    <action name="FailEmailAction">
        <email xmlns="uri:oozie:email-action:0.2">
            <to>${EmailTo}</to>
            <cc>${EmailCc}</cc>
            <subject>FAIL - ${environment}: Extract Generation Failed for ${jobName}</subject>
            <body>
                Hi Team,

                DPO: Extract Generation Failed for ${jobName} and Job ID is: ${wf:id()}
                Incident Raised : "RaiseIncident script failed. Please refer logs if incident not raised"
                LogPath : ${logFilePath}/${logFileName}_${wf:id()}.log
                Environment : ${environment}
                Error message : [${wf:errorMessage(wf:lastErrorNode())}]

                Regards,
                DPO Team
            </body>
            <!-- <attachment>/datalake/uhclake/tst/developer/pankaj/scripts/chy_extract/Acrobat_Document.pdf</attachment> -->
        </email>
        <ok to="fail" />
        <error to="fail" />
    </action>


    <kill name="fail">
        <message>Spark action failed, error
            message[${wf:errorMessage(wf:lastErrorNode())}]
        </message>
    </kill>
    <kill name="fail2">
        <message>action failed, error
            message[${wf:errorMessage(wf:lastErrorNode())}]
        </message>
    </kill>
    <end name="end"/>
</workflow-app>
