<workflow-app xmlns="uri:oozie:workflow:0.4" name='${jobName}'>

	<global>
		<job-tracker>${jobTracker}</job-tracker>
		<name-node>${nameNode}</name-node>
		<configuration>
			<property>
				<name>mapred.job.queue.name</name>
				<value>${queueName}</value>
			</property>
			<property>
				<name>oozie.action.max.output.data</name>
				<value>8192</value>
				<description>
					Max size in characters for output data.
				</description>
			</property>
		</configuration>
	</global>


	<start to="check_dir_shell" />

	<action name="check_dir_shell">

		<shell xmlns="uri:oozie:shell-action:0.2">
			<job-tracker>${jobTracker}</job-tracker>
			<name-node>${nameNode}</name-node>
			<configuration>
				<property>
					<name>mapred.job.queue.name</name>
					<value>${queueName}</value>
				</property>
			</configuration>
			<exec>${extract_trig_creation_ShellScriptName}</exec>
			<argument>${outFileLoc}</argument>
			<argument>${files_extension}</argument>
			<argument>${total_file_cnt}</argument>
			<argument>${touch_file_name}</argument>
			<argument>${time_frequency}</argument>
			<argument>${max_time_count}</argument>
			<argument>${content}</argument>
			<argument>${logFilePath}/${logFileName}_${wf:id()}.log</argument>
			<file>${extract_trig_creation_Dir}</file>
			<!-- <capture-output/> -->
		</shell>
		<ok to="create_put_command" />
		<error to="FailEmailAction" />
	</action>

	<action name="create_put_command">

		<shell xmlns="uri:oozie:shell-action:0.2">
			<job-tracker>${jobTracker}</job-tracker>
			<name-node>${nameNode}</name-node>
			<configuration>
				<property>
					<name>mapred.job.queue.name</name>
					<value>${queueName}</value>
				</property>
			</configuration>
			<exec>${ctl_creation_ShellScriptName}</exec>
			<argument>${outFileLoc}</argument>
			<argument>${files_extension}</argument>
			<argument>${ctl_file_name}</argument>
			<argument>${cd_path_of_ctl_file}</argument>
			<argument>${touch_file_name}</argument>
			<argument>${touch_file_sftp_name}</argument>
			<argument>${logFilePath}/${logFileName}_${wf:id()}.log</argument>
			<argument>${cd_path_of_touch_file}</argument>
			<file>${ctl_script_Dir}</file>
			<!-- <capture-output/> -->
		</shell>
		<!--	<ok to="move_extracts_archive" /> -->
		<ok to="run_sftp_script" />
		<error to="FailEmailAction" />
	</action>


	<!--
	<action name="run_sftp_script">
		<ssh xmlns="uri:oozie:ssh-action:0.2">
			<host>${myHost}</host>
			<command>${myCommand} ${logFilePath}/${logFileName}_${wf:id()}.log</command>
		</ssh>
		<ok to="run_sftp_trigger_script"/>
		<error to="FailEmailAction"/>
	</action>
	-->

	<action name="run_sftp_script">
		<ssh xmlns="uri:oozie:ssh-action:0.2">
			<host>${myHost}</host>
			<command>sh ${sftp_script_path}</command>
			<args>${ctl_file_path}</args>
			<args>${ctl_file_name}</args>
			<args>${user_id}</args>
			<args>${destination_server}</args>
			<args>${logFilePath}/${logFileName}_${wf:id()}.log</args>
		</ssh>
		<ok to="run_sftp_trigger_script"/>
		<error to="FailEmailAction"/>
	</action>

	<!--
     <action name="run_sftp_trigger_script">
            <ssh xmlns="uri:oozie:ssh-action:0.2">
                <host>${myHost}</host>
                <command>${myTouchFileCommand} ${logFilePath}/${logFileName}_${wf:id()}.log</command>
		</ssh>
		<ok to="move_extracts_archive"/>
		<error to="FailEmailAction"/>
	</action>
	-->

	<action name="run_sftp_trigger_script">
		<ssh xmlns="uri:oozie:ssh-action:0.2">
			<host>${myHost}</host>
			<command>sh ${sftp_script_path}</command>
			<args>${ctl_file_path}</args>
			<args>${ctl_touch_file_name}</args>
			<args>${user_id_touch}</args>
			<args>${destination_server}</args>
			<args>${logFilePath}/${logFileName}_${wf:id()}.log</args>
		</ssh>
		<ok to="NDB-Spark-PIT-Provisioned-Success"/>
		<error to="NDB-Spark-PIT-Provisioned-Fail"/>
	</action>

	<action name="NDB-Spark-PIT-Provisioned-Success">
		<spark xmlns="uri:oozie:spark-action:0.1">
			<job-tracker>${jobTracker}</job-tracker>
			<name-node>${nameNode}</name-node>
			<prepare>
			</prepare>
			<configuration>
				<property>
					<name>yarn.app.mapreduce.am.log.level</name>
					<!--					<value>DEBUG</value>		-->
					<value>ERROR</value>
				</property>
				<property>
					<name>fs.mapr.trace</name>
					<!--				<value>DEBUG</value>		-->
					<value>ERROR</value>
				</property>
				<property>
					<name>mapreduce.job.queuename</name>
					<value>${queueName}</value>
				</property>
				<property>
					<name>oozie.launcher.mapreduce.task.classpath.user.precedence</name>
					<value>false</value>
				</property>
				<property>
					<name>oozie.launcher.mapreduce.user.classpath.first</name>
					<value>false</value>
				</property>
				<property>
					<name>oozie.launcher.mapreduce.map.memory.mb</name>
					<value>10240</value>
				</property>
				<property>
					<name>oozie.launcher.mapreduce.map.java.opts</name>
					<value>-Xmx9000m</value>
				</property>

				<property>
					<name>oozie.launcher.mapreduce.job.queue.name</name>
					<value>${queueName}</value>
				</property>
				<property>
					<name>oozie.service.SparkConfigurationService.spark.configurations</name>
					<value>spark.eventLog.dir= maprfs:///apps/spark/logs ,
						spark.yarn.historyServer.address=http://dbsld0035.uhc.com:18080,
						spark.eventLog.enabled=true</value>
				</property>
			</configuration>
			<master>${master}</master>
			<mode>${mode}</mode>
			<name>NDB Provisioning Extract </name>
			<class>${PIT_Provisioned_Update_ClassName}</class>
			<jar>${ProvisioningExtractJar}</jar>
			<spark-opts>
				--queue ${queueName}
				--executor-memory 8g
				--driver-memory 4g
				--num-executors 15
				--executor-cores 5
				--conf spark.kryoserializer.buffer.max=512m
				--conf spark.sql.crossJoin.enabled=true
				--conf spark.eventLog.dir=maprfs:///apps/spark/logs
				--conf spark.eventLog.enabled=true
				--conf spark.yarn.preserve.staging.files=true
				--conf spark.executor.extraJavaOptions=-verbose:class
				--driver-java-options "-Dlog4j.configuration=file:${log4j} -DlogFilePath=${logFilePath} -DlogFileName=${logFileName} -DrootLoggerOpt=${rootLoggerOpt}"
			</spark-opts>
			<arg>${extractLoc}</arg>
			<arg>${environment}</arg>
			<arg>${PIT_PROVISIONED_STATUS}</arg>
			<arg>${allRowKeyFileNm}</arg>
			<arg>${thriftServerUrl}</arg>
		</spark>
		<ok to="move_extracts_archive"/>
		<error to="FailEmailAction" />
	</action>

	<action name="NDB-Spark-PIT-Provisioned-Fail">
		<spark xmlns="uri:oozie:spark-action:0.1">
			<job-tracker>${jobTracker}</job-tracker>
			<name-node>${nameNode}</name-node>
			<prepare>
			</prepare>
			<configuration>
				<property>
					<name>yarn.app.mapreduce.am.log.level</name>
					<!--					<value>DEBUG</value>		-->
					<value>ERROR</value>
				</property>
				<property>
					<name>fs.mapr.trace</name>
					<!--				<value>DEBUG</value>		-->
					<value>ERROR</value>
				</property>
				<property>
					<name>mapreduce.job.queuename</name>
					<value>${queueName}</value>
				</property>
				<property>
					<name>oozie.launcher.mapreduce.task.classpath.user.precedence</name>
					<value>false</value>
				</property>
				<property>
					<name>oozie.launcher.mapreduce.user.classpath.first</name>
					<value>false</value>
				</property>
				<property>
					<name>oozie.launcher.mapreduce.map.memory.mb</name>
					<value>10240</value>
				</property>
				<property>
					<name>oozie.launcher.mapreduce.map.java.opts</name>
					<value>-Xmx9000m</value>
				</property>

				<property>
					<name>oozie.launcher.mapreduce.job.queue.name</name>
					<value>${queueName}</value>
				</property>
				<property>
					<name>oozie.service.SparkConfigurationService.spark.configurations</name>
					<value>spark.eventLog.dir= maprfs:///apps/spark/logs ,
						spark.yarn.historyServer.address=http://dbsld0035.uhc.com:18080,
						spark.eventLog.enabled=true</value>
				</property>
			</configuration>
			<master>${master}</master>
			<mode>${mode}</mode>
			<name>NDB Provisioning Extract </name>
			<class>${PIT_Provisioned_Update_ClassName}</class>
			<jar>${ProvisioningExtractJar}</jar>
			<spark-opts>
				--queue ${queueName}
				--executor-memory 8g
				--driver-memory 4g
				--num-executors 15
				--executor-cores 5
				--conf spark.kryoserializer.buffer.max=512m
				--conf spark.sql.crossJoin.enabled=true
				--conf spark.eventLog.dir=maprfs:///apps/spark/logs
				--conf spark.eventLog.enabled=true
				--conf spark.yarn.preserve.staging.files=true
				--conf spark.executor.extraJavaOptions=-verbose:class
				--driver-java-options "-Dlog4j.configuration=file:${log4j} -DlogFilePath=${logFilePath} -DlogFileName=${logFileName} -DrootLoggerOpt=${rootLoggerOpt}"
			</spark-opts>
			<arg>${extractLoc}</arg>
			<arg>${environment}</arg>
			<arg>${PIT_Fail_STATUS}</arg>
			<arg>${allRowKeyFileNm}</arg>
			<arg>${thriftServerUrl}</arg>
		</spark>
		<ok to="FailEmailAction"/>
		<error to="FailEmailAction" />
	</action>

	<action name="move_extracts_archive">

		<shell xmlns="uri:oozie:shell-action:0.2">
			<job-tracker>${jobTracker}</job-tracker>
			<name-node>${nameNode}</name-node>
			<configuration>
				<property>
					<name>mapred.job.queue.name</name>
					<value>${queueName}</value>
				</property>
			</configuration>
			<exec>${move_extracts_archive_ShellScriptName}</exec>
			<argument>${extractLoc}</argument>
			<argument>${extractArchiveLoc}</argument>
			<argument>${files_extension}</argument>
			<argument>${ctl_file_name}</argument>
			<argument>${touch_file_name}</argument>
			<argument>${touch_file_sftp_name}</argument>
			<argument>${configArchiveLoc}</argument>
			<argument>${logFilePath}/${logFileName}_${wf:id()}.log</argument>
			<argument>${allRowKeyFileNm}</argument>
			<file>${move_extracts_archive_Dir}</file>

			<!-- <capture-output/> -->
		</shell>
		<ok to="PassEmailAction" />
		<error to="FailEmailAction" />
	</action>

	<action name="PassEmailAction">
		<email xmlns="uri:oozie:email-action:0.2">
			<to>${EmailTo}</to>
			<cc>${EmailCc}</cc>
			<subject>Pass - ${environment}: All ${total_file_cnt} files are generated at :${outFileLoc}</subject>
			<body>
			Hi Team,

			DPO: Extract successfully provisioned for ${jobName} and Job ID is: ${wf:id()}
			Touch file ${touch_file_name} is created at :${outFileLoc}
			LogPath : ${logFilePath}/${logFileName}_${wf:id()}.log
			Environment : ${environment}

			Regards,
			DPO Team
			</body>
			<!-- <attachment>/datalake/uhclake/tst/developer/pankaj/scripts/chy_extract/Acrobat_Document.pdf</attachment> -->
		</email>
		<ok to="end" />
		<error to="fail" />
	</action>

	<action name="FailEmailAction">
		<email xmlns="uri:oozie:email-action:0.2">
			<to>${EmailTo}</to>
			<cc>${EmailCc}</cc>
			<subject>Fail - ${environment}: ${jobName} failed. </subject>
			<body>
			Hi Team,

			DPO: Extract provisioned Failed for ${jobName} and Job ID is: ${wf:id()}
			LogPath : ${logFilePath}/${logFileName}_${wf:id()}.log
			Environment : ${environment}
			Error message : [${wf:errorMessage(wf:lastErrorNode())}]

			Regards,
			DPO Team
			</body>
			<!-- <attachment>/datalake/uhclake/tst/developer/pankaj/scripts/chy_extract/Acrobat_Document.pdf</attachment> -->
		</email>
		<ok to="fail" />
		<error to="fail" />
	</action>

	<kill name="fail">
		<message>Spark action failed, error
			message[${wf:errorMessage(wf:lastErrorNode())}]</message>
	</kill>
	<end name="end" />
</workflow-app>
