{
  "EPDE-OHPH": {
    "pei": {
      "archLoc": "/mapr/datalake/uhclake/dataplatform/chy/t_archive/extract",
      "consumingApp": "OHPH",
      "entitySet": "NA",
      "extractName": "OPTUM",
      "feedName": "OHPH",
      "hdrDateFormat": "NA",
      "hdrDesc": "NA",
      "inputFileLocation": "NA",
      "inputFileName": "OHPH_PROVIDER;OHPH_CONTRACT",
      "inputLandingLocation": "NA",
      "isFixedWidth": "Y",
      "isOutFileColDelim": "NA",
      "isOutFileRowDelim": "NA",
      "jsonPropFileLoc": "EPDE_Map.json;EPDERK4.Json",
      "outFileColDelim": "NA",
      "outFileExt": "NA",
      "outFileLoc": "/datalake/uhclake/tst/developer/pankaj/scripts/ndb_extract/EPDE/OHPH/PHYSICIAN/;/datalake/uhclake/tst/developer/pankaj/scripts/ndb_extract/EPDE/OHPH/GROUP/;/datalake/uhclake/tst/developer/pankaj/scripts/ndb_extract/EPDE/OHPH/FACILITY/",
      "isJsonProp": "Y",
      "outFileName": "F5938PGH.HPHP.SRK2006.PROVOUT;F5938PGH.HPHG.SRK2006.PROVOUT;F5938PGH.HPHF.SRK2006.PROVOUT",
      "outFileRowDelim": "NA",
      "prtnrCd": "UHG",
      "snapBuildType": "parquet",
      "sqlQuery": "NA",
      "srcCd": "NDB",
      "transQuery": "NA",
      "trgColumn": "NA",
      "trgDataTypeLen": "NA",
      "trlDesc": "NA"
    }

  },"EPDE-UMR": {
  "pei": {
    "archLoc": "/mapr/datalake/uhclake/dataplatform/chy/t_archive/extract",
    "consumingApp": "OHPH",
    "entitySet": "NA",
    "extractName": "OPTUM",
    "feedName": "OHPH",
    "hdrDateFormat": "MM/dd/yyyy hh:mm:ss",
    "hdrDesc": "NA",
    "inputFileLocation": "NA",
    "inputFileName": "OHPH_PROVIDER;OHPH_CONTRACT",
    "inputLandingLocation": "NA",
    "isFixedWidth": "Y",
    "isOutFileColDelim": "NA",
    "isOutFileRowDelim": "NA",
    "jsonPropFileLoc": "EPDE_Map.json;EPDERK4.Json",
    "outFileColDelim": "NA",
    "outFileExt": "ZIP",
    "outFileLoc": "/datalake/uhclake/tst/developer/pankaj/scripts/ndb_extract/EPDE/UMR/PHYSICIAN/;/datalake/uhclake/tst/developer/pankaj/scripts/ndb_extract/EPDE/UMR/GROUP/;/datalake/uhclake/tst/developer/pankaj/scripts/ndb_extract/EPDE/UMR/FACILITY/",
    "isJsonProp": "Y",
    "outFileName": "F5938T.CGPP.PRVOUTI|F5938T.CGP.PRVOUTI.ZIP;F5938T.CGPG.PRVOUTG|F5938T.CGG.PRVOUTG.ZIP;F5938T.CGPF.PRVOUTF|F5938T.CGF.PRVOUTF.ZIP",
    "outFileRowDelim": "NA",
    "prtnrCd": "UHG",
    "snapBuildType": "parquet",
    "sqlQuery": "NA",
    "srcCd": "NDB",
    "transQuery": "NA",
    "trgColumn": "NA",
    "trgDataTypeLen": "NA",
    "trlDesc": "NA"
  }
},"EPDE_XYZ": {
  "pei": {
    "archLoc": "/mapr/datalake/uhclake/dataplatform/chy/t_archive/extract",
    "consumingApp": "EPDE",
    "entitySet": "F5938DBE_DATA_VEND_MSTR;F5938DBE_DATA_VEND_FUNC",
    "extractName": "F5938RKP",
    "feedName": "EPDE_Extraction",
    "hdrDateFormat": "MM/dd/yyyy hh:mm:ss",
    "hdrDesc": "NA",
    "inputFileLocation": "NA",
    "inputFileName": "NA",
    "inputLandingLocation": "NA",
    "isFixedWidth": "Y",
    "isJsonProp": "Y",
    "isOutFileColDelim": "NA",
    "isOutFileRowDelim": "NA",
    "jsonPropFileLoc": "Input_Json\\EPDE_Map.json",
    "outFileColDelim": "NA",
    "outFileExt": "gz",
    "outFileLoc": "/mapr/datalake/uhclake/dataplatform/chy/t_outbox",
    "outFileName": "NA",
    "outFileRowDelim": "NA",
    "prtnrCd": "UHG",
    "snapBuildType": "parquet",
    "sqlQuery": "NA",
    "srcCd": "NDB",
    "transQuery": "NA",
    "trgColumn": "NA",
    "trgDataTypeLen": "NA",
    "trlDesc": "NA"
  }
}
}

