{
  "PE_Reporting-D5687P_CHACCUMRSP-ffc8ae0f-92ff-40cb-ab94-2fb4e68abdee" : {
    "exi":{
      "consumingApp": "PE",
      "provCompSts": "Fail",
      "provEndTs": "2018-08-02 03:12:11",
      "provExecTrkId": "PE_Reporting-D5687P_CHACCUMRSP-ffc8ae0f-92ff-40cb-ab94-2fb4e68abdee",
      "provStrTs":"2018-08-02 03:08:27"
    },
    "fi":{
      "entitySet":"T5687CTB_ACCUM_CLM_DTL_INFO;T5687CTB_ACCUM_EOB_CLM_INFO;T5687CTB_ACCUM_HDR_INFO",
      "inputFileLocation":"/datalake/uhclake/dataplatform/chy/t_landing/pen/inbound",
      "inputFileName":"PEAccumReq_*",
      "provExtractName":"D5687P_CHACCUMRSP",
      "provFeedName":"PE_Reporting",
      "provOutFileColDelim":"NA",
      "provOutFileRowDelim":"NA",
      "prtnCd":"UHG",
      "srcDd":"CHY"
    }
  }
}