{
  "MCAD_Reporting-TOPS-T5410DTA_ADJD_CLMSF_BLK_A": {
    "psc": {
      "activeflag": "Y",
      "entNm": "T5410DTA_ADJD_CLMSF_BLK_A",
      "dmlcol": "CDC_FLAG",
      "extractName": "TOPS",
      "feedName": "MCAD_Reporting",
      "fullLoadflg": "Y",
      "modtscol": "CDC_TS",
      "prikeycols": "PARTN_ID;PARTN_VAL;INVN_CTL_NBR;ICN_SUFX_CD;PROC_DT;PROC_TM;ICN_SUFX_VERS_NBR"
    }
  },
  "MCAD_Reporting-TOPS-T5410DTA_ADJD_CLMSF_BLK_E":{
    "psc":{
      "activeflag": "Y",
      "entNm": "T5410DTA_ADJD_CLMSF_BLK_E",
      "dmlcol": "CDC_FLAG",
      "extractName": "TOPS",
      "feedName": "MCAD_Reporting",
      "fullLoadflg": "Y",
      "modtscol": "CDC_TS",
      "prikeycols": "PARTN_ID;PARTN_VAL;INVN_CTL_NBR;ICN_SUFX_CD;PROC_DT;PROC_TM;ICN_SUFX_VERS_NBR"
    }
  },
  "MCAD_Reporting-TOPS-T5410DTA_ADJD_CLMSF_BLK_E2":{
    "psc":{
      "activeflag": "Y",
      "entNm": "T5410DTA_ADJD_CLMSF_BLK_E2",
      "dmlcol": "CDC_FLAG",
      "extractName": "TOPS",
      "feedName": "MCAD_Reporting",
      "fullLoadflg": "Y",
      "modtscol": "CDC_TS",
      "prikeycols": "PARTN_ID;PARTN_VAL;INVN_CTL_NBR;ICN_SUFX_CD;PROC_DT;PROC_TM;ICN_SUFX_VERS_NBR"
    }
  },
  "MCAD_Reporting-TOPS-T5410DTA_ADJD_CLMSF_DIAG":{
    "psc":{
      "activeflag": "Y",
      "entNm": "T5410DTA_ADJD_CLMSF_DIAG",
      "dmlcol": "CDC_FLAG",
      "extractName": "TOPS",
      "feedName": "MCAD_Reporting",
      "fullLoadflg": "Y",
      "modtscol": "CDC_TS",
      "prikeycols": "PARTN_ID;PARTN_VAL;INVN_CTL_NBR;ICN_SUFX_CD;PROC_DT;PROC_TM;ICN_SUFX_VERS_NBR"
    }
  },
  "MCAD_Reporting-TOPS-T5410DTA_ADJD_CLMSF_DIAG":{
    "psc":{
      "activeflag": "Y",
      "entNm": "T5410DTA_ADJD_CLMSF_DIAG",
      "dmlcol": "CDC_FLAG",
      "extractName": "TOPS",
      "feedName": "MCAD_Reporting",
      "fullLoadflg": "Y",
      "modtscol": "CDC_TS",
      "prikeycols": "PARTN_ID;PARTN_VAL;INVN_CTL_NBR;ICN_SUFX_CD;PROC_DT;PROC_TM;ICN_SUFX_VERS_NBR;DIAG_SEQ_NBR"
    }
  },
  "MCAD_Reporting-TOPS-T5410DTA_ADJD_CLMSF_LN":{
    "psc":{
      "activeflag": "Y",
      "entNm": "T5410DTA_ADJD_CLMSF_LN",
      "dmlcol": "CDC_FLAG",
      "extractName": "TOPS",
      "feedName": "MCAD_Reporting",
      "fullLoadflg": "Y",
      "modtscol": "CDC_TS",
      "prikeycols": "PARTN_ID;PARTN_VAL;INVN_CTL_NBR;ICN_SUFX_CD;PROC_DT;PROC_TM;ICN_SUFX_VERS_NBR;LN_ID"
    }
  },
  "MCAD_Reporting-TOPS-T5410DTA_ADJD_CLMSF_ORIGHDR":{
    "psc":{
      "activeflag": "Y",
      "entNm": "T5410DTA_ADJD_CLMSF_ORIGHDR",
      "dmlcol": "CDC_FLAG",
      "extractName": "TOPS",
      "feedName": "MCAD_Reporting",
      "fullLoadflg": "Y",
      "modtscol": "CDC_TS",
      "prikeycols": "PARTN_ID;PARTN_VAL;INVN_CTL_NBR;ICN_SUFX_CD;PROC_DT;PROC_TM;ICN_SUFX_VERS_NBR;ORIG_HDR_SEQ_NBR"
    }
  },
  "MCAD_Reporting-TOPS-T5410DTA_ADJD_CLMSF_POLPTNT":{
    "psc":{
      "activeflag": "Y",
      "entNm": "T5410DTA_ADJD_CLMSF_POLPTNT",
      "dmlcol": "CDC_FLAG",
      "extractName": "TOPS",
      "feedName": "MCAD_Reporting",
      "fullLoadflg": "Y",
      "modtscol": "CDC_TS",
      "prikeycols": "PARTN_ID;PARTN_VAL;INVN_CTL_NBR;ICN_SUFX_CD;PROC_DT;PROC_TM;ICN_SUFX_VERS_NBR"
    }
  },
  "MCAD_Reporting-TOPS-T5410DTA_ADJD_CLMSF_PROC":{
    "psc":{
      "activeflag": "Y",
      "entNm": "T5410DTA_ADJD_CLMSF_PROC",
      "dmlcol": "CDC_FLAG",
      "extractName": "TOPS",
      "feedName": "MCAD_Reporting",
      "fullLoadflg": "Y",
      "modtscol": "CDC_TS",
      "prikeycols": "PARTN_ID;PARTN_VAL;INVN_CTL_NBR;ICN_SUFX_CD;PROC_DT;PROC_TM;ICN_SUFX_VERS_NBR;PROC_SEQ_NBR"
    }
  },
  "MCAD_Reporting-TOPS-T5410DTA_ADJD_CLMSF_REF":{
    "psc":{
      "activeflag": "Y",
      "entNm": "T5410DTA_ADJD_CLMSF_REF",
      "dmlcol": "CDC_FLAG",
      "extractName": "TOPS",
      "feedName": "MCAD_Reporting",
      "fullLoadflg": "Y",
      "modtscol": "CDC_TS",
      "prikeycols": "PARTN_ID;PARTN_VAL;INVN_CTL_NBR;ICN_SUFX_CD;PROC_DT;PROC_TM;ICN_SUFX_VERS_NBR"
    }
  },
  "MCAD_Reporting-TOPS-T5687CTA_ACCUM_EOB_CLM_INFO":{
    "psc":{
      "activeflag": "Y",
      "entNm": "T5687CTA_ACCUM_EOB_CLM_INFO",
      "dmlcol": "CDC_FLAG",
      "extractName": "TOPS",
      "feedName": "MCAD_Reporting",
      "fullLoadflg": "Y",
      "modtscol": "CDC_TS",
      "prikeycols": "PARTN_ID;PARTN_VAL;INVN_CTL_NBR;ICN_SUFX_CD;PROC_DT;PROC_TM;ICN_SUFX_VERS_NBR;PROC_TRANS_TYP_CD"
    }
  },
  "MCAD_Reporting-TOPS-T5687CTA_ACCUM_HDR_INFO":{
  "psc":{
    "activeflag": "Y",
    "entNm": "T5687CTA_ACCUM_HDR_INFO",
    "dmlcol": "CDC_FLAG",
    "extractName": "TOPS",
    "feedName": "MCAD_Reporting",
    "fullLoadflg": "Y",
    "modtscol": "CDC_TS",
    "prikeycols": "PARTN_ID;PARTN_VAL;INVN_CTL_NBR;ICN_SUFX_CD;PROC_DT;PROC_TM;ICN_SUFX_VERS_NBR;PROC_TRANS_TYP_CD;LST_UPDT_DTTM"
  }
},
  "EPDE-F5938DBE_DATA_VEND_MSTR":{
  "psc":{
    "activeflag": "Y",
    "entNm": "F5938DBE_DATA_VEND_MSTR",
    "dmlcol": "CDC_FLAG",
    "extractName": "EPDE",
    "feedName": "EPDE_Extraction",
    "fullLoadflg": "Y",
    "modtscol": "CDC_TS",
    "prikeycols": "DATA_VEND_CD"
  }
},
  "EPDE-F5938DBE_DATA_VEND_FUNC":{
    "psc":{
      "activeflag": "Y",
      "entNm": "F5938DBE_DATA_VEND_FUNC",
      "dmlcol": "CDC_FLAG",
      "extractName": "EPDE",
      "feedName": "EPDE_Extraction",
      "fullLoadflg": "Y",
      "modtscol": "CDC_TS",
      "prikeycols": "DATA_VEND_CD;DATA_VEND_FUNC_CD"
    }
  },
  "EPDE-F5938DBE_DATA_VEND_CRIT_DTL":{
    "psc":{
      "activeflag": "Y",
      "entNm": "F5938DBE_DATA_VEND_CRIT_DTL",
      "dmlcol": "CDC_FLAG",
      "extractName": "EPDE",
      "feedName": "EPDE_Extraction",
      "fullLoadflg": "Y",
      "modtscol": "CDC_TS",
      "prikeycols": "ACTV_CD;CONTR_TYP_CD;CRIT_COND_CD;CRIT_ID;CRIT_TXT_VAL_1;CRIT_TXT_VAL_2;CRIT_TXT_VAL_3;CRIT_TXT_VAL_4;DATA_VEND_CD;DATA_VEND_FUNC_CD;IPA_NBR;LST_UPDT_DT;LST_UPDT_TM;MKT_NBR;PRDCT_OFR_ID;PROV_ID;SPCL_TYP_CD;ST_CD;TAX_ID_NBR;TAX_ID_TYP_CD;TRANS_TYP_ID;USER_ID;USER_OFC_CD"
    }
  },"EPDE-F5938DBE_DATA_VEND_MSTR":{
  "psc":{
    "activeflag": "Y",
    "entNm": "F5938DBE_DATA_VEND_MSTR",
    "dmlcol": "CDC_FLAG",
    "extractName": "EPDE",
    "feedName": "EPDE_Extraction",
    "fullLoadflg": "Y",
    "modtscol": "CDC_TS",
    "prikeycols": "DATA_VEND_CD"
  }
},
  "EPDE-F5938DBE_DATA_VEND_FUNC":{
    "psc":{
      "activeflag": "Y",
      "entNm": "F5938DBE_DATA_VEND_FUNC",
      "dmlcol": "CDC_FLAG",
      "extractName": "EPDE",
      "feedName": "EPDE_Extraction",
      "fullLoadflg": "Y",
      "modtscol": "CDC_TS",
      "prikeycols": "DATA_VEND_CD;DATA_VEND_FUNC_CD"
    }
  },
  "EPDE-F5938DBE_DATA_VEND_CRIT_DTL":{
    "psc":{
      "activeflag": "Y",
      "entNm": "F5938DBE_DATA_VEND_CRIT_DTL",
      "dmlcol": "CDC_FLAG",
      "extractName": "EPDE",
      "feedName": "EPDE_Extraction",
      "fullLoadflg": "Y",
      "modtscol": "CDC_TS",
      "prikeycols": "ACTV_CD;CONTR_TYP_CD;CRIT_COND_CD;CRIT_ID;CRIT_TXT_VAL_1;CRIT_TXT_VAL_2;CRIT_TXT_VAL_3;CRIT_TXT_VAL_4;DATA_VEND_CD;DATA_VEND_FUNC_CD;IPA_NBR;LST_UPDT_DT;LST_UPDT_TM;MKT_NBR;PRDCT_OFR_ID;PROV_ID;SPCL_TYP_CD;ST_CD;TAX_ID_NBR;TAX_ID_TYP_CD;TRANS_TYP_ID;USER_ID;USER_OFC_CD"
    }
  },
  "EPDE-XYZ":{
    "psc":{
      "activeflag": "Y",
      "entNm": "XYZ",
      "dmlcol": "CDC_FLAG",
      "extractName": "EPDE",
      "feedName": "EPDE_Extraction",
      "fullLoadflg": "Y",
      "modtscol": "CDC_TS",
      "prikeycols": "ACTV_CD;CONTR_TYP_CD;CRIT_COND_CD;CRIT_ID;CRIT_TXT_VAL_1;CRIT_TXT_VAL_2;CRIT_TXT_VAL_3;CRIT_TXT_VAL_4;DATA_VEND_CD;DATA_VEND_FUNC_CD;IPA_NBR;LST_UPDT_DT;LST_UPDT_TM;MKT_NBR;PRDCT_OFR_ID;PROV_ID;SPCL_TYP_CD;ST_CD;TAX_ID_NBR;TAX_ID_TYP_CD;TRANS_TYP_ID;USER_ID;USER_OFC_CD"
    }
  },"EPDE-F5938DBE_DATA_VEND_MSTR":{
  "psc":{
    "activeflag": "Y",
    "entNm": "F5938DBE_DATA_VEND_MSTR",
    "dmlcol": "CDC_FLAG",
    "extractName": "EPDE",
    "feedName": "EPDE_Extraction",
    "fullLoadflg": "Y",
    "modtscol": "CDC_TS",
    "prikeycols": "DATA_VEND_CD"
  }
},
  "EPDE-F5938DBE_DATA_VEND_FUNC":{
    "psc":{
      "activeflag": "Y",
      "entNm": "F5938DBE_DATA_VEND_FUNC",
      "dmlcol": "CDC_FLAG",
      "extractName": "EPDE",
      "feedName": "EPDE_Extraction",
      "fullLoadflg": "Y",
      "modtscol": "CDC_TS",
      "prikeycols": "DATA_VEND_CD;DATA_VEND_FUNC_CD"
    }
  },
  "EPDE-F5938DBE_DATA_VEND_CRIT_DTL":{
    "psc":{
      "activeflag": "Y",
      "entNm": "F5938DBE_DATA_VEND_CRIT_DTL",
      "dmlcol": "CDC_FLAG",
      "extractName": "EPDE",
      "feedName": "EPDE_Extraction",
      "fullLoadflg": "Y",
      "modtscol": "CDC_TS",
      "prikeycols": "ACTV_CD;CONTR_TYP_CD;CRIT_COND_CD;CRIT_ID;CRIT_TXT_VAL_1;CRIT_TXT_VAL_2;CRIT_TXT_VAL_3;CRIT_TXT_VAL_4;DATA_VEND_CD;DATA_VEND_FUNC_CD;IPA_NBR;LST_UPDT_DT;LST_UPDT_TM;MKT_NBR;PRDCT_OFR_ID;PROV_ID;SPCL_TYP_CD;ST_CD;TAX_ID_NBR;TAX_ID_TYP_CD;TRANS_TYP_ID;USER_ID;USER_OFC_CD"
    }
  }
}