[{
	"feedName": "EPDE_Extraction",
	"extraction": [{
		"programName": "EPDE_Common",
		"segmentList": "",
		"schemaNm": "F5938DB",
		"segmentDetails": [
			{
				"segName": "PROVIDER",
				"segSeq": "0",
				"segTarCol": "PROV_OUT_VENDR_CD;PROV_OUT_PROV_TYP_CD;PROV_OUT_UPDT_TYP_CD;PROV_OUT_PROV_ID;PROV_OUT_VEND_KEY;PROV_PQD_OR_FQD_CNT;PROV_OUT_ORG_TYP_CD",
				"segTarLen": "5;1;1;9;12;9;3",
				"segTolLen": "400",
				"segTables" : "DATA_VEND_CRIT_DTL",
				"segQueries": [
					{
						"name": "FAC",
						"query": "SELECT 'Y' as fac_temp FROM ${SchemaNm}_DATA_VEND_CRIT_DTL WHERE DATA_VEND_CD = '${vendor_cd}' AND trim(DATA_VEND_FUNC_CD) = 'E' AND CRIT_ID = 2 AND trim(CRIT_TXT_VAL_1) = 'N' AND trim(ACTV_CD) = 'A' AND trim(CRIT_COND_CD) = 'I'"

					},{
						"name": "UNIQUE_PROV",
						"query": "SELECT a.* FROM (SELECT *, ROW_NUMBER() OVER (PARTITION BY PROV_OUT_VENDR_CD,PROV_OUT_PROV_ID ORDER BY PROV_OUT_VENDR_CD,PROV_OUT_PROV_ID ASC) AS RNUM  FROM PROV_df) a WHERE a.RNUM=1"
					},
					{
						"name": "PHYSICIAN",
						"query": "SELECT PROV_OUT_VENDR_CD,PROV_OUT_PROV_TYP_CD,PROV_OUT_UPDT_TYP_CD,PROV_OUT_PROV_ID,PROV_OUT_VEND_KEY,PROV_PQD_OR_FQD_CNT,PROV_OUT_ORG_TYP_CD FROM UNIQUE_PROV WHERE PROV_OUT_PROV_TYP_CD != 'O'"
					},
					{
						"name": "GROUP",
						"query": "SELECT PROV_OUT_VENDR_CD,PROV_OUT_PROV_TYP_CD,PROV_OUT_UPDT_TYP_CD,PROV_OUT_PROV_ID,PROV_OUT_VEND_KEY,PROV_PQD_OR_FQD_CNT,PROV_OUT_ORG_TYP_CD FROM UNIQUE_PROV WHERE PROV_OUT_PROV_TYP_CD = 'O' AND (PROV_OUT_ORG_TYP_CD = '033' OR PROV_OUT_ORG_TYP_CD = '050')"
					},
					{
						"name": "FACILITY",
						"query": "SELECT PROV_OUT_VENDR_CD,PROV_OUT_PROV_TYP_CD,PROV_OUT_UPDT_TYP_CD,PROV_OUT_PROV_ID,PROV_OUT_VEND_KEY,PROV_PQD_OR_FQD_CNT,PROV_OUT_ORG_TYP_CD FROM UNIQUE_PROV WHERE PROV_OUT_PROV_TYP_CD = 'O' AND PROV_OUT_ORG_TYP_CD != '033' AND PROV_OUT_ORG_TYP_CD != '050'"
					}
				]
			},
			{
				"segName": "CONTRACT",
				"segSeq": "0",
				"segTarCol": "CONTR_OUT_VENDR_CD;CONTR_OUT_PROV_TYP_CD;CONTR_OUT_PROV_ID;CONTR_OUT_CONTR_ID;CONTR_OUT_TAX_ID_NBR;CONTR_OUT_ORG_TYP_CD",
				"segTarLen": "5;1;9;9;9;3",
				"segTolLen": "400",
				"segTables" : "",
				"segQueries": [
					{
						"name": "UNIQUE_CON",
						"query": "SELECT CON.* FROM (SELECT *, ROW_NUMBER() OVER (PARTITION BY CONTR_OUT_VENDR_CD, CONTR_OUT_PROV_ID, CONTR_OUT_TAX_ID_NBR, CONTR_OUT_CONTR_ID ORDER BY CONTR_OUT_VENDR_CD, CONTR_OUT_PROV_ID, CONTR_OUT_TAX_ID_NBR, CONTR_OUT_CONTR_ID ASC) AS RNUM  FROM CON_df) con WHERE con.RNUM=1"
					},
					{
						"name": "PHYSICIAN",
						"query": "SELECT CONTR_OUT_VENDR_CD,CONTR_OUT_PROV_TYP_CD,CONTR_OUT_PROV_ID,CONTR_OUT_CONTR_ID,CONTR_OUT_TAX_ID_NBR,CONTR_OUT_ORG_TYP_CD FROM UNIQUE_CON WHERE CONTR_OUT_PROV_TYP_CD != 'O'"
					},
					{
						"name": "GROUP",
						"query": "SELECT CONTR_OUT_VENDR_CD,CONTR_OUT_PROV_TYP_CD,CONTR_OUT_PROV_ID,CONTR_OUT_CONTR_ID,CONTR_OUT_TAX_ID_NBR,CONTR_OUT_ORG_TYP_CD FROM UNIQUE_CON WHERE CONTR_OUT_PROV_TYP_CD = 'O' AND (CONTR_OUT_ORG_TYP_CD = '033' OR CONTR_OUT_ORG_TYP_CD = '050')"
					},
					{
						"name": "FACILITY",
						"query": "SELECT CONTR_OUT_VENDR_CD,CONTR_OUT_PROV_TYP_CD,CONTR_OUT_PROV_ID,CONTR_OUT_CONTR_ID,CONTR_OUT_TAX_ID_NBR,CONTR_OUT_ORG_TYP_CD FROM UNIQUE_CON WHERE CONTR_OUT_PROV_TYP_CD = 'O' AND (CONTR_OUT_ORG_TYP_CD != '033' AND CONTR_OUT_ORG_TYP_CD != '050')"
					}
				]
			}
		]
	}]
}]