<workflow-app xmlns="uri:oozie:workflow:0.4" name='${jobName}'>

    <global>
        <job-tracker>${jobTracker}</job-tracker>
        <name-node>${nameNode}</name-node>
        <configuration>
            <property>
                <name>mapred.job.queue.name</name>
                <value>${queueName}</value>
            </property>
        </configuration>
    </global>

    <start to="TriggerAnyOozieExtract"/>

    <action name="TriggerAnyOozieExtract">

        <ssh xmlns="uri:oozie:ssh-action:0.2">
            <host>${myOoziHost}</host>
            <command>sh ${shellScriptDir}</command>
<!--        <args>${vendorFileLoc}</args>
            <args>${vendorFilePrefix}</args> -->
            <args>${ooziHostURL}</args>
            <args>${propertyFile}</args>
            <args>${vendor_cd}</args>
            <args>${kube_envt}</args>
            <args>${logFilePath}/${jobName}_${wf:id()}.log</args>
        </ssh>
        <ok to="PassEmailAction"/>
        <error to="FailEmailAction"/>
    </action>


    <action name="PassEmailAction">
        <email xmlns="uri:oozie:email-action:0.2">
            <to>${EmailTo}</to>
            <cc>${EmailCc}</cc>
            <subject>PASS - ${environment}: Triggered generation for vendor ${vendor_cd} successful for Job is: ${jobName}</subject>
            <body>
                Hi Team,

                job : ${jobName}
                DPO : Triggered generation for vendor ${vendor_cd} is successful
                Job ID : ${wf:id()}
                LogPath : ${logFilePath}/${logFileName}_${wf:id()}.log
                Environment : ${environment}

                Regards,
                DPO Team
            </body>

        </email>
        <ok to="end" />
        <error to="fail" />
    </action>

    <action name="FailEmailAction">
        <email xmlns="uri:oozie:email-action:0.2">
            <to>${EmailTo}</to>
            <cc>${EmailCc}</cc>
            <subject>FAIL - ${environment}: E2E Extract generation for vendor ${vendor_cd} failed for Job : ${jobName}</subject>
            <body>
                Hi Team,

                job - ${jobName}
                DPO: E2E Extract generation for vendor ${vendor_cd} is failed
                Job ID : ${wf:id()}
                LogPath : ${logFilePath}/${logFileName}_${wf:id()}.log
                Environment : ${environment}
                Error message : [${wf:errorMessage(wf:lastErrorNode())}]

                Regards,
                DPO Team
            </body>

        </email>
        <ok to="fail" />
        <error to="fail" />
    </action>

    <action name="ProcessEndMail">
        <email xmlns="uri:oozie:email-action:0.2">
            <to>${EmailTo}</to>
            <cc>${EmailCc}</cc>
            <subject>${jobName} completed.</subject>
            <body>Prcoess Completed for ${jobName}</body>
            <!-- <attachment>/datalake/uhclake/tst/developer/pankaj/scripts/chy_extract/Acrobat_Document.pdf</attachment> -->
        </email>
        <ok to="end" />
        <error to="fail" />
    </action>


    <kill name="fail">
        <message>Spark action failed, error
            message[${wf:errorMessage(wf:lastErrorNode())}]
        </message>
    </kill>
    <end name="end"/>
</workflow-app>
