<workflow-app xmlns="uri:oozie:workflow:0.4" name='${jobName}'>

    <global>
        <job-tracker>${jobTracker}</job-tracker>
        <name-node>${nameNode}</name-node>
        <configuration>
            <property>
                <name>mapred.job.queue.name</name>
                <value>${queueName}</value>
            </property>
        </configuration>
    </global>

    <start to="Common_EIT_Creation"/>

    <action name="Common_EIT_Creation">

        <ssh xmlns="uri:oozie:ssh-action:0.2">
            <host>${myOoziHost}</host>
            <command>sh ${shellScriptDir}</command>
            <args>${EitCaptureClassName}</args>
            <args>${logFilePath}/${jobName}_${wf:id()}.log</args>
            <args>${feedName}</args>
            <args>${environment}</args>
            <args>${refreshFlag}</args>
        </ssh>
        <ok to="snapshot-parallel"/>
        <error to="FailEmailAction"/>
    </action>


    <fork name="snapshot-parallel">
        <path start="EPDE-Spark-Snapshot-Job1"/>
        <path start="EPDE-Spark-Snapshot-Job2"/>
        <path start="EPDE-Spark-Snapshot-Job3"/>
        <path start="EPDE-Spark-Snapshot-Job4"/>
        <path start="EPDE-Spark-Snapshot-Job5"/>
        <path start="EPDE-Spark-Snapshot-Job6"/>
        <path start="EPDE-Spark-Snapshot-Job7"/>
        <path start="EPDE-Spark-Snapshot-Job8"/>
        <path start="EPDE-Spark-Snapshot-Job9"/>
    </fork>

    <join name="snapjoin" to="PassEMailAction"/>

    <action name="EPDE-Spark-Snapshot-Job1">
        <ssh xmlns="uri:oozie:ssh-action:0.2">
            <host>${myOoziHost}</host>
            <command>sh ${shellScriptDir}</command>
            <args>${SnapshotCreationClassName}</args>
            <args>${logFilePath}/${jobName}_${wf:id()}.log</args>
            <args>${refreshFlag}</args>
            <args>${environmentMode}</args>
            <args>${snapshotFileName_1}</args>
            <args>${EITFlag}</args>
        </ssh>
        <ok to="snapjoin"/>
        <error to="FailEmailAction" />
    </action>

    <action name="EPDE-Spark-Snapshot-Job2">
        <ssh xmlns="uri:oozie:ssh-action:0.2">
            <host>${myOoziHost}</host>
            <command>sh ${shellScriptDir}</command>
            <args>${SnapshotCreationClassName}</args>
            <args>${logFilePath}/${jobName}_${wf:id()}.log</args>
            <args>${refreshFlag}</args>
            <args>${environmentMode}</args>
            <args>${snapshotFileName_2}</args>
            <args>${EITFlag}</args>
        </ssh>
        <ok to="snapjoin"/>
        <error to="FailEmailAction" />
    </action>

    <action name="EPDE-Spark-Snapshot-Job3">
        <ssh xmlns="uri:oozie:ssh-action:0.2">
            <host>${myOoziHost}</host>
            <command>sh ${shellScriptDir}</command>
            <args>${SnapshotCreationClassName}</args>
            <args>${logFilePath}/${jobName}_${wf:id()}.log</args>
            <args>${refreshFlag}</args>
            <args>${environmentMode}</args>
            <args>${snapshotFileName_3}</args>
            <args>${EITFlag}</args>
        </ssh>
        <ok to="snapjoin"/>
        <error to="FailEmailAction" />
    </action>

    <action name="EPDE-Spark-Snapshot-Job4">
        <ssh xmlns="uri:oozie:ssh-action:0.2">
            <host>${myOoziHost}</host>
            <command>sh ${shellScriptDir}</command>
            <args>${SnapshotCreationClassName}</args>
            <args>${logFilePath}/${jobName}_${wf:id()}.log</args>
            <args>${refreshFlag}</args>
            <args>${environmentMode}</args>
            <args>${snapshotFileName_4}</args>
            <args>${EITFlag}</args>
        </ssh>
        <ok to="snapjoin"/>
        <error to="FailEmailAction" />
    </action>

    <action name="EPDE-Spark-Snapshot-Job5">
        <ssh xmlns="uri:oozie:ssh-action:0.2">
            <host>${myOoziHost}</host>
            <command>sh ${shellScriptDir}</command>
            <args>${SnapshotCreationClassName}</args>
            <args>${logFilePath}/${jobName}_${wf:id()}.log</args>
            <args>${refreshFlag}</args>
            <args>${environmentMode}</args>
            <args>${snapshotFileName_5}</args>
            <args>${EITFlag}</args>
        </ssh>
        <ok to="snapjoin"/>
        <error to="FailEmailAction" />
    </action>

    <action name="EPDE-Spark-Snapshot-Job6">
        <ssh xmlns="uri:oozie:ssh-action:0.2">
            <host>${myOoziHost}</host>
            <command>sh ${shellScriptDir}</command>
            <args>${SnapshotCreationClassName}</args>
            <args>${logFilePath}/${jobName}_${wf:id()}.log</args>
            <args>${refreshFlag}</args>
            <args>${environmentMode}</args>
            <args>${snapshotFileName_6}</args>
            <args>${EITFlag}</args>
        </ssh>
        <ok to="snapjoin"/>
        <error to="FailEmailAction" />
    </action>

    <action name="EPDE-Spark-Snapshot-Job7">
        <ssh xmlns="uri:oozie:ssh-action:0.2">
            <host>${myOoziHost}</host>
            <command>sh ${shellScriptDir}</command>
            <args>${SnapshotCreationClassName}</args>
            <args>${logFilePath}/${jobName}_${wf:id()}.log</args>
            <args>${refreshFlag}</args>
            <args>${environmentMode}</args>
            <args>${snapshotFileName_7}</args>
            <args>${EITFlag}</args>
        </ssh>
        <ok to="snapjoin"/>
        <error to="FailEmailAction" />
    </action>

    <action name="EPDE-Spark-Snapshot-Job8">
        <ssh xmlns="uri:oozie:ssh-action:0.2">
            <host>${myOoziHost}</host>
            <command>sh ${shellScriptDir}</command>
            <args>${SnapshotCreationClassName}</args>
            <args>${logFilePath}/${jobName}_${wf:id()}.log</args>
            <args>${refreshFlag}</args>
            <args>${environmentMode}</args>
            <args>${snapshotFileName_8}</args>
            <args>${EITFlag}</args>
        </ssh>
        <ok to="snapjoin"/>
        <error to="FailEmailAction" />
    </action>

    <action name="EPDE-Spark-Snapshot-Job9">
        <ssh xmlns="uri:oozie:ssh-action:0.2">
            <host>${myOoziHost}</host>
            <command>sh ${shellScriptDir}</command>
            <args>${SnapshotCreationClassName}</args>
            <args>${logFilePath}/${jobName}_${wf:id()}.log</args>
            <args>${refreshFlag}</args>
            <args>${environmentMode}</args>
            <args>${snapshotFileName_9}</args>
            <args>${EITFlag}</args>
        </ssh>
        <ok to="snapjoin"/>
        <error to="FailEmailAction" />
    </action>


    <action name="Execute_ALL_Extracts_Script">
        <ssh xmlns="uri:oozie:ssh-action:0.2">
            <host>${myOoziHost}</host>
            <command>sh ${ShellScriptDir}</command>
            <args>${vendorFileLoc}</args>
            <args>${vendorFilePrefix}</args>
            <args>${ooziHostURL}</args>
            <args>${propertyFile}</args>
            <args>${logFilePath}/${jobName}_${wf:id()}.log</args>
        </ssh>
        <ok to="PassEMailAction"/>
        <error to="FailEmailAction"/>
    </action>

    <action name="PassEMailAction">
        <email xmlns="uri:oozie:email-action:0.2">
            <to>${EmailTo}</to>
            <cc>${EmailCc}</cc>
            <subject>PASS - ${environment}: Snapshot creation for common tables successful for Job is: ${jobName}</subject>
            <body>
                Hi Team,

                DPO: Snapshot creation for common tables successful for  ${jobName} and Job ID is: ${wf:id()}
                LogPath : ${logFilePath}/${logFileName}_${wf:id()}.log
                Environment : ${environment}

                Regards,
                DPO Team
            </body>
            <!-- <attachment>/datalake/uhclake/tst/developer/pankaj/scripts/chy_extract/Acrobat_Document.pdf</attachment> -->
        </email>
        <ok to="end" />
        <error to="fail" />
    </action>

    <action name="FailEmailAction">
        <email xmlns="uri:oozie:email-action:0.2">
            <to>${EmailTo}</to>
            <cc>${EmailCc}</cc>
            <subject>FAIL - ${environment}: Snapshot creation for common tables failed for Job : ${jobName}</subject>
            <body>
                Hi Team,

                DPO: Snapshot creation for common tables failed for ${jobName} and Job ID is: ${wf:id()}
                LogPath : ${logFilePath}/${logFileName}_${wf:id()}.log
                Environment : ${environment}
                Error message : [${wf:errorMessage(wf:lastErrorNode())}]

                Regards,
                DPO Team
            </body>
            <!-- <attachment>/datalake/uhclake/tst/developer/pankaj/scripts/chy_extract/Acrobat_Document.pdf</attachment> -->
        </email>
        <ok to="fail" />
        <error to="fail" />
    </action>

    <action name="ProcessEndMail">
        <email xmlns="uri:oozie:email-action:0.2">
            <to>${EmailTo}</to>
            <cc>${EmailCc}</cc>
            <subject>${jobName} completed.</subject>
            <body>Prcoess Completed for ${jobName}</body>
            <!-- <attachment>/datalake/uhclake/tst/developer/pankaj/scripts/chy_extract/Acrobat_Document.pdf</attachment> -->
        </email>
        <ok to="end" />
        <error to="fail" />
    </action>


    <kill name="fail">
        <message>Spark action failed, error
            message[${wf:errorMessage(wf:lastErrorNode())}]
        </message>
    </kill>
    <end name="end"/>
</workflow-app>