<workflow-app xmlns="uri:oozie:workflow:0.4" name='${jobName}'>

    <global>
        <job-tracker>${jobTracker}</job-tracker>
        <name-node>${nameNode}</name-node>
        <configuration>
            <property>
                <name>mapred.job.queue.name</name>
                <value>${queueName}</value>
            </property>
        </configuration>
    </global>

    <start to="Common_EIT_Creation"/>
    <!--<start to="RK4-creation"/> -->

    <action name="Common_EIT_Creation">

        <ssh xmlns="uri:oozie:ssh-action:0.2">
            <host>${myOoziHost}</host>
            <command>sh ${shellScriptDir}</command>
            <args>${EitCaptureClassName}</args>
            <args>${logFilePath}/${jobName}_${wf:id()}.log</args>
            <args>${feedName}</args>
            <args>${environment}</args>
            <args>${refreshFlag}</args>
        </ssh>
        <ok to="snapshot-parallel"/>
        <error to="FailEmailAction"/>
    </action>


    <fork name="snapshot-parallel">
        <path start="EPDE-Spark-Snapshot-Job1"/>
        <path start="EPDE-Spark-Snapshot-Job2"/>
        <path start="EPDE-Spark-Snapshot-Job3"/>
        <path start="EPDE-Spark-Snapshot-Job4"/>
        <path start="EPDE-Spark-Snapshot-Job5"/>
        <path start="EPDE-Spark-Snapshot-Job6"/>
        <path start="EPDE-Spark-Snapshot-Job7"/>
        <path start="EPDE-Spark-Snapshot-Job8"/>
        <path start="EPDE-Spark-Snapshot-Job9"/>
    </fork>

    <join name="snapjoin" to="RKP-creation"/>

    <action name="EPDE-Spark-Snapshot-Job1">
        <ssh xmlns="uri:oozie:ssh-action:0.2">
            <host>${myOoziHost}</host>
            <command>sh ${shellScriptDir}</command>
            <args>${SnapshotCreationClassName}</args>
            <args>${logFilePath}/${jobName}_${wf:id()}.log</args>
            <args>${refreshFlag}</args>
            <args>${environmentMode}</args>
            <args>${snapshotFileName_1}</args>
            <args>${EITFlag}</args>
        </ssh>
        <ok to="snapjoin"/>
        <error to="FailEmailAction" />
    </action>

    <action name="EPDE-Spark-Snapshot-Job2">
        <ssh xmlns="uri:oozie:ssh-action:0.2">
            <host>${myOoziHost}</host>
            <command>sh ${shellScriptDir}</command>
            <args>${SnapshotCreationClassName}</args>
            <args>${logFilePath}/${jobName}_${wf:id()}.log</args>
            <args>${refreshFlag}</args>
            <args>${environmentMode}</args>
            <args>${snapshotFileName_2}</args>
            <args>${EITFlag}</args>
        </ssh>
        <ok to="snapjoin"/>
        <error to="FailEmailAction" />
    </action>

    <action name="EPDE-Spark-Snapshot-Job3">
        <ssh xmlns="uri:oozie:ssh-action:0.2">
            <host>${myOoziHost}</host>
            <command>sh ${shellScriptDir}</command>
            <args>${SnapshotCreationClassName}</args>
            <args>${logFilePath}/${jobName}_${wf:id()}.log</args>
            <args>${refreshFlag}</args>
            <args>${environmentMode}</args>
            <args>${snapshotFileName_3}</args>
            <args>${EITFlag}</args>
        </ssh>
        <ok to="snapjoin"/>
        <error to="FailEmailAction" />
    </action>

    <action name="EPDE-Spark-Snapshot-Job4">
        <ssh xmlns="uri:oozie:ssh-action:0.2">
            <host>${myOoziHost}</host>
            <command>sh ${shellScriptDir}</command>
            <args>${SnapshotCreationClassName}</args>
            <args>${logFilePath}/${jobName}_${wf:id()}.log</args>
            <args>${refreshFlag}</args>
            <args>${environmentMode}</args>
            <args>${snapshotFileName_4}</args>
            <args>${EITFlag}</args>
        </ssh>
        <ok to="snapjoin"/>
        <error to="FailEmailAction" />
    </action>

    <action name="EPDE-Spark-Snapshot-Job5">
        <ssh xmlns="uri:oozie:ssh-action:0.2">
            <host>${myOoziHost}</host>
            <command>sh ${shellScriptDir}</command>
            <args>${SnapshotCreationClassName}</args>
            <args>${logFilePath}/${jobName}_${wf:id()}.log</args>
            <args>${refreshFlag}</args>
            <args>${environmentMode}</args>
            <args>${snapshotFileName_5}</args>
            <args>${EITFlag}</args>
        </ssh>
        <ok to="snapjoin"/>
        <error to="FailEmailAction" />
    </action>

    <action name="EPDE-Spark-Snapshot-Job6">
        <ssh xmlns="uri:oozie:ssh-action:0.2">
            <host>${myOoziHost}</host>
            <command>sh ${shellScriptDir}</command>
            <args>${SnapshotCreationClassName}</args>
            <args>${logFilePath}/${jobName}_${wf:id()}.log</args>
            <args>${refreshFlag}</args>
            <args>${environmentMode}</args>
            <args>${snapshotFileName_6}</args>
            <args>${EITFlag}</args>
        </ssh>
        <ok to="snapjoin"/>
        <error to="FailEmailAction" />
    </action>

    <action name="EPDE-Spark-Snapshot-Job7">
        <ssh xmlns="uri:oozie:ssh-action:0.2">
            <host>${myOoziHost}</host>
            <command>sh ${shellScriptDir}</command>
            <args>${SnapshotCreationClassName}</args>
            <args>${logFilePath}/${jobName}_${wf:id()}.log</args>
            <args>${refreshFlag}</args>
            <args>${environmentMode}</args>
            <args>${snapshotFileName_7}</args>
            <args>${EITFlag}</args>
        </ssh>
        <ok to="snapjoin"/>
        <error to="FailEmailAction" />
    </action>

    <action name="EPDE-Spark-Snapshot-Job8">
        <ssh xmlns="uri:oozie:ssh-action:0.2">
            <host>${myOoziHost}</host>
            <command>sh ${shellScriptDir}</command>
            <args>${SnapshotCreationClassName}</args>
            <args>${logFilePath}/${jobName}_${wf:id()}.log</args>
            <args>${refreshFlag}</args>
            <args>${environmentMode}</args>
            <args>${snapshotFileName_8}</args>
            <args>${EITFlag}</args>
        </ssh>
        <ok to="snapjoin"/>
        <error to="FailEmailAction" />
    </action>

    <action name="EPDE-Spark-Snapshot-Job9">
        <ssh xmlns="uri:oozie:ssh-action:0.2">
            <host>${myOoziHost}</host>
            <command>sh ${shellScriptDir}</command>
            <args>${SnapshotCreationClassName}</args>
            <args>${logFilePath}/${jobName}_${wf:id()}.log</args>
            <args>${refreshFlag}</args>
            <args>${environmentMode}</args>
            <args>${snapshotFileName_9}</args>
            <args>${EITFlag}</args>
        </ssh>
        <ok to="snapjoin"/>
        <error to="FailEmailAction" />
    </action>

    <action name="RKP-creation">
        <ssh xmlns="uri:oozie:ssh-action:0.2">
            <host>${myOoziHost}</host>
            <command>sh ${shellScriptDir}</command>
            <args>${RKPClassName}</args>
            <args>${logFilePath}/${jobName}_${wf:id()}.log</args>
            <args>${feedName}-${vendor_cd}</args>
            <args>${environmentMode}</args>
            <args>${thriftServerUrl}</args>
            <args>${full_file_ind}</args>
            <args>${environment}</args>
        </ssh>
        <ok to="Common-creation"/>
        <error to="FailEmailAction"/>
    </action>

    <action name="Common-creation">
        <ssh xmlns="uri:oozie:ssh-action:0.2">
            <host>${myOoziHost}</host>
            <command>sh ${shellScriptDir}</command>
            <args>${CommonClassName}</args>
            <args>${logFilePath}/${jobName}_${wf:id()}.log</args>
            <args>${vendor_cd}</args>
            <args>${environmentMode}</args>
            <args>${environment}</args>
            <args>${thriftServerUrl}</args>
        </ssh>
        <ok to="RK4-creation"/>
        <error to="FailEmailAction"/>
    </action>

    <action name="RK4-creation">
        <ssh xmlns="uri:oozie:ssh-action:0.2">
            <host>${myOoziHost}</host>
            <command>sh ${shellScriptDir}</command>
            <args>${RK4ClassName}</args>
            <args>${logFilePath}/${jobName}_${wf:id()}.log</args>
            <args>${environment}</args>
            <args>${RK4feedName}</args>
            <args>${RK4extractName}</args>
            <args>${master}</args>
            <args>${feedName}-${vendor_cd}</args>
            <args>${RK4refreshFlag}</args>
            <args>${RK4EitFlag}</args>
        </ssh>
        <ok to="sftp_extract_downstream"/>
        <error to="FailEmailAction"/>
    </action>

    <!-- To Transfer/SFTP the extract to downstream Team -->
    <action name="sftp_extract_downstream">
        <ssh xmlns="uri:oozie:ssh-action:0.2">
            <host>${myHost}</host>
            <command>sh ${sftp_script_path}</command>
            <args>${transferFlag}</args>
            <args>${touchFileLocation}</args>
            <args>${touchFileName}</args>
            <args>${user_id}</args>
            <args>${destination_server}</args>
            <args>${logFilePath}/${logFileName}_${wf:id()}.log</args>
            <args>${checkFileFlag}</args>
            <args>${checkFileName}</args>
        </ssh>
        <ok to="sftp_trigger_source"/>
        <error to="FailEmailAction"/>
    </action>

    <!-- To Transfer/SFTP the trigger file to NDB/source Team -->
    <action name="sftp_trigger_source">
        <ssh xmlns="uri:oozie:ssh-action:0.2">
            <host>${myHost}</host>
            <command>sh ${sftp_script_path}</command>
            <args>${triggerFlag}</args>
            <args>${triggerFileLocation}</args>
            <args>${triggerFileName}</args>
            <args>${user_id}</args>
            <args>${destination_server}</args>
            <args>${logFilePath}/${logFileName}_${wf:id()}.log</args>
            <args>${checkTriggerFlag}</args>
            <args>${checkTriggerFileName}</args>
        </ssh>
        <ok to="move_extracts_archive"/>
        <error to="FailEmailAction"/>
    </action>

    <action name="move_extracts_archive">

        <shell xmlns="uri:oozie:shell-action:0.2">
            <job-tracker>${jobTracker}</job-tracker>
            <name-node>${nameNode}</name-node>
            <configuration>
                <property>
                    <name>mapred.job.queue.name</name>
                    <value>${queueName}</value>
                </property>
            </configuration>
            <exec>${move_extracts_archive_ShellScriptName}</exec>
            <argument>${extractLoc}</argument>
            <argument>${extractArchiveLoc}</argument>
            <argument>${configFileLocation}</argument>
            <argument>${configArchiveLoc}</argument>
            <argument>${touchFileName}</argument>
            <argument>${triggerFileName}</argument>
            <argument>${checkTriggerFileName}</argument>
            <argument>${logFilePath}/${logFileName}_${wf:id()}.log</argument>
            <file>${move_extracts_archive_Dir}</file>

            <!-- <capture-output/> -->
        </shell>
        <ok to="PassEmailAction" />
        <error to="FailEmailAction" />
    </action>

    <action name="PassEmailAction">
        <email xmlns="uri:oozie:email-action:0.2">
            <to>${EmailTo}</to>
            <cc>${EmailCc}</cc>
            <subject>PASS - ${environment}: E2E Extract generation for vendor ${vendor_cd} successful for Job is: ${jobName}</subject>
            <body>
                Hi Team,

                job : ${jobName}
                DPO : E2E Extract generation for vendor ${vendor_cd} is successful
                Job ID : ${wf:id()}
                LogPath : ${logFilePath}/${logFileName}_${wf:id()}.log
                Environment : ${environment}

                Regards,
                DPO Team
            </body>

        </email>
        <ok to="end" />
        <error to="fail" />
    </action>

    <action name="FailEmailAction">
        <email xmlns="uri:oozie:email-action:0.2">
            <to>${EmailTo}</to>
            <cc>${EmailCc}</cc>
            <subject>FAIL - ${environment}: E2E Extract generation for vendor ${vendor_cd} failed for Job : ${jobName}</subject>
            <body>
                Hi Team,

                job - ${jobName}
                DPO: E2E Extract generation for vendor ${vendor_cd} is failed
                Job ID : ${wf:id()}
                LogPath : ${logFilePath}/${logFileName}_${wf:id()}.log
                Environment : ${environment}
                Error message : [${wf:errorMessage(wf:lastErrorNode())}]

                Regards,
                DPO Team
            </body>

        </email>
        <ok to="fail" />
        <error to="fail" />
    </action>

    <action name="ProcessEndMail">
        <email xmlns="uri:oozie:email-action:0.2">
            <to>${EmailTo}</to>
            <cc>${EmailCc}</cc>
            <subject>${jobName} completed.</subject>
            <body>Prcoess Completed for ${jobName}</body>
            <!-- <attachment>/datalake/uhclake/tst/developer/pankaj/scripts/chy_extract/Acrobat_Document.pdf</attachment> -->
        </email>
        <ok to="end" />
        <error to="fail" />
    </action>


    <kill name="fail">
        <message>Spark action failed, error
            message[${wf:errorMessage(wf:lastErrorNode())}]
        </message>
    </kill>
    <end name="end"/>
</workflow-app>
