<workflow-app xmlns="uri:oozie:workflow:0.4" name='${jobName}'>

    <global>
        <job-tracker>${jobTracker}</job-tracker>
        <name-node>${nameNode}</name-node>
        <configuration>
            <property>
                <name>mapred.job.queue.name</name>
                <value>${queueName}</value>
            </property>
        </configuration>
    </global>

    <start to="Common_EIT_Creation"/>
    <!--<start to="RK4-creation"/> -->

    <action name="Common_EIT_Creation">
        <spark xmlns="uri:oozie:spark-action:0.1">
            <job-tracker>${jobTracker}</job-tracker>
            <name-node>${nameNode}</name-node>
            <prepare>
            </prepare>
            <configuration>
                <property>
                    <name>yarn.app.mapreduce.am.log.level</name>
                    <!--					<value>DEBUG</value>		-->
                    <value>ERROR</value>
                </property>
                <property>
                    <name>fs.mapr.trace</name>
                    <!--				<value>DEBUG</value>		-->
                    <value>ERROR</value>
                </property>
                <property>
                    <name>mapreduce.job.queuename</name>
                    <value>${queueName}</value>
                </property>
                <property>
                    <name>oozie.launcher.mapreduce.task.classpath.user.precedence</name>
                    <value>false</value>
                </property>
                <property>
                    <name>oozie.launcher.mapreduce.user.classpath.first</name>
                    <value>false</value>
                </property>
                <property>
                    <name>oozie.launcher.mapreduce.map.memory.mb</name>
                    <value>10240</value>
                </property>
                <property>
                    <name>oozie.launcher.mapreduce.map.java.opts</name>
                    <value>-Xmx9000m</value>
                </property>
                <property>
                    <name>oozie.launcher.mapreduce.job.queue.name</name>
                    <value>${queueName}</value>
                </property>
                <property>
                    <name>oozie.service.SparkConfigurationService.spark.configurations</name>
                    <value>spark.eventLog.dir= maprfs:///apps/spark/logs ,
                        spark.yarn.historyServer.address=http://dbsld0035.uhc.com:18080,
                        spark.eventLog.enabled=true</value>
                </property>
            </configuration>
            <master>${master}</master>
            <mode>${mode}</mode>
            <name>EPDE Provisioning Extract: Common EIT Creation</name>
            <class>${EitCaptureClassName}</class>
            <jar>${ProvisioningExtractJar}</jar>
            <spark-opts>
                --queue ${queueName}
                --executor-memory 12g
                --driver-memory 8g
                --num-executors 20
                --executor-cores 5
                --conf spark.yarn.executor.memoryOverhead=4096
                --conf spark.kryoserializer.buffer.max=512m
                --conf spark.sql.crossJoin.enabled=true
                --conf spark.eventLog.dir=maprfs:///apps/spark/logs
                --conf spark.yarn.maxAppAttempts=2
                --conf spark.eventLog.enabled=true
                --conf spark.yarn.preserve.staging.files=true
                --conf spark.executor.extraJavaOptions=-verbose:class
                --driver-java-options "-Dlog4j.configuration=file:${log4j} -DlogFilePath=${logFilePath} -Dconfig.resource=${conf_name} -DlogFileName=${jobName}_${wf:id()} -DrootLoggerOpt=${rootLoggerOpt}"
            </spark-opts>
            <arg>${feedName}</arg>
            <arg>${environment}</arg>
            <arg>${refreshFlag}</arg>
        </spark>
        <ok to="snapshot-creation"/>
        <error to="FailEmailAction" />
    </action>

    <action name="snapshot-creation">
        <spark xmlns="uri:oozie:spark-action:0.1">
            <job-tracker>${jobTracker}</job-tracker>
            <name-node>${nameNode}</name-node>
            <prepare>
            </prepare>
            <configuration>
                <property>
                    <name>mapreduce.job.queuename</name>
                    <value>${queueName}</value>
                </property>
                <property>
                    <name>oozie.launcher.mapreduce.task.classpath.user.precedence</name>
                    <value>false</value>
                </property>
                <property>
                    <name>oozie.launcher.mapreduce.user.classpath.first</name>
                    <value>false</value>
                </property>
                <property>
                    <name>oozie.launcher.mapreduce.map.memory.mb</name>
                    <value>10240</value>
                </property>
                <property>
                    <name>oozie.launcher.mapreduce.map.java.opts</name>
                    <value>-Xmx9000m</value>
                </property>

                <property>
                    <name>oozie.launcher.mapreduce.job.queue.name</name>
                    <value>${queueName}</value>
                </property>
                <property>
                    <name>oozie.service.SparkConfigurationService.spark.configurations</name>
                    <value>spark.eventLog.dir=maprfs:///apps/spark/logs,
                        spark.yarn.historyServer.address=http://dbsld0035.uhc.com:18080,
                        spark.eventLog.enabled=true
                    </value>
                </property>
            </configuration>
            <master>${master}</master>
            <mode>${mode}</mode>
            <name>EPDE Provisioning Extract: Snapshot Creation</name>
            <class>${SnapshotCreationClassName}</class>
            <jar>${ProvisioningExtractJar}</jar>
            <spark-opts>
                --queue ${queueName}
                --executor-memory 12g
                --driver-memory 8g
                --num-executors 10
                --executor-cores 6
                --conf spark.yarn.executor.memoryOverhead=4096
                --conf spark.kryoserializer.buffer.max=512m
                --conf spark.sql.crossJoin.enabled=true
                --conf spark.eventLog.dir=maprfs:///apps/spark/logs
                --conf spark.yarn.maxAppAttempts=2
                --conf spark.eventLog.enabled=true
                --conf spark.yarn.preserve.staging.files=true
                --driver-java-options "-Dlog4j.configuration=file:${log4j} -DlogFilePath=${logFilePath} -Dconfig.resource=${conf_name} -DlogFileName=${jobName}_${wf:id()} -DrootLoggerOpt=${rootLoggerOpt}"
            </spark-opts>
            <arg>${refreshFlag}</arg>
            <arg>${environmentMode}</arg>
            <arg>${snapshotFileName}</arg>
            <args>${EITFlag}</args>
        </spark>
        <ok to="RKP-creation"/>
        <error to="FailEmailAction" />
    </action>

    <action name="RKP-creation">
        <spark xmlns="uri:oozie:spark-action:0.1">
            <job-tracker>${jobTracker}</job-tracker>
            <name-node>${nameNode}</name-node>
            <prepare>
            </prepare>
            <configuration>
                <property>
                    <name>mapreduce.job.queuename</name>
                    <value>${queueName}</value>
                </property>
                <property>
                    <name>oozie.launcher.mapreduce.task.classpath.user.precedence</name>
                    <value>false</value>
                </property>
                <property>
                    <name>oozie.launcher.mapreduce.user.classpath.first</name>
                    <value>false</value>
                </property>
                <property>
                    <name>oozie.launcher.mapreduce.map.memory.mb</name>
                    <value>10240</value>
                </property>
                <property>
                    <name>oozie.launcher.mapreduce.map.java.opts</name>
                    <value>-Xmx9000m</value>
                </property>

                <property>
                    <name>oozie.launcher.mapreduce.job.queue.name</name>
                    <value>${queueName}</value>
                </property>
                <property>
                    <name>oozie.service.SparkConfigurationService.spark.configurations</name>
                    <value>spark.eventLog.dir=maprfs:///apps/spark/logs,
                        spark.yarn.historyServer.address=http://dbsld0035.uhc.com:18080,
                        spark.eventLog.enabled=true
                    </value>
                </property>
            </configuration>
            <master>${master}</master>
            <mode>${mode}</mode>
            <name>EPDE Provisioning Extract: RKP Creation</name>
            <class>${RKPClassName}</class>
            <jar>${ProvisioningExtractJar}</jar>
            <spark-opts>
                --queue ${queueName}
                --executor-memory 15g
                --driver-memory 10g
                --num-executors 10
                --executor-cores 8
                --conf spark.yarn.executor.memoryOverhead=4096
                --conf spark.kryoserializer.buffer.max=512m
                --conf spark.sql.crossJoin.enabled=true
                --conf spark.eventLog.dir=maprfs:///apps/spark/logs
                --conf spark.yarn.maxAppAttempts=2
                --conf spark.eventLog.enabled=true
                --conf spark.yarn.preserve.staging.files=true
                --driver-java-options "-Dlog4j.configuration=file:${log4j} -DlogFilePath=${logFilePath} -Dconfig.resource=${conf_name} -DlogFileName=${jobName}_${wf:id()} -DrootLoggerOpt=${rootLoggerOpt}"
            </spark-opts>
            <arg>${feedName}-${vendor_cd}</arg>
            <arg>${environmentMode}</arg>
            <arg>${thriftServerUrl}</arg>
            <arg>${full_file_ind}</arg>
            <arg>${environment}</arg>
        </spark>
        <ok to="Common-creation"/>
        <error to="FailEmailAction"/>
    </action>

    <action name="Common-creation">
        <spark xmlns="uri:oozie:spark-action:0.1">
            <job-tracker>${jobTracker}</job-tracker>
            <name-node>${nameNode}</name-node>
            <prepare>
            </prepare>
            <configuration>
                <property>
                    <name>mapreduce.job.queuename</name>
                    <value>${queueName}</value>
                </property>
                <property>
                    <name>oozie.launcher.mapreduce.task.classpath.user.precedence</name>
                    <value>false</value>
                </property>
                <property>
                    <name>oozie.launcher.mapreduce.user.classpath.first</name>
                    <value>false</value>
                </property>
                <property>
                    <name>oozie.launcher.mapreduce.map.memory.mb</name>
                    <value>10240</value>
                </property>
                <property>
                    <name>oozie.launcher.mapreduce.map.java.opts</name>
                    <value>-Xmx9000m</value>
                </property>

                <property>
                    <name>oozie.launcher.mapreduce.job.queue.name</name>
                    <value>${queueName}</value>
                </property>
                <property>
                    <name>oozie.service.SparkConfigurationService.spark.configurations</name>
                    <value>spark.eventLog.dir=maprfs:///apps/spark/logs,
                        spark.yarn.historyServer.address=http://dbsld0035.uhc.com:18080,
                        spark.eventLog.enabled=true
                    </value>
                </property>
            </configuration>
            <master>${master}</master>
            <mode>${mode}</mode>
            <name>EPDE Provisioning Extract: Common Creation</name>
            <class>${CommonClassName}</class>
            <jar>${ProvisioningExtractJar}</jar>
            <spark-opts>
                --queue ${queueName}
                --executor-memory 12g
                --driver-memory 8g
                --num-executors 10
                --executor-cores 6
                --conf spark.yarn.executor.memoryOverhead=4096
                --conf spark.kryoserializer.buffer.max=512m
                --conf spark.sql.crossJoin.enabled=true
                --conf spark.eventLog.dir=maprfs:///apps/spark/logs
                --conf spark.yarn.maxAppAttempts=2
                --conf spark.eventLog.enabled=true
                --conf spark.yarn.preserve.staging.files=true
                --driver-java-options "-Dlog4j.configuration=file:${log4j} -DlogFilePath=${logFilePath} -Dconfig.resource=${conf_name} -DlogFileName=${jobName}_${wf:id()} -DrootLoggerOpt=${rootLoggerOpt}"
            </spark-opts>
            <arg>${vendor_cd}</arg>
            <arg>${environmentMode}</arg>
            <arg>${environment}</arg>
            <arg>${thriftServerUrl}</arg>
        </spark>
        <ok to="RK4-creation"/>
        <error to="FailEmailAction"/>
    </action>

    <action name="RK4-creation">
        <spark xmlns="uri:oozie:spark-action:0.1">
            <job-tracker>${jobTracker}</job-tracker>
            <name-node>${nameNode}</name-node>
            <prepare>
            </prepare>
            <configuration>
                <property>
                    <name>mapreduce.job.queuename</name>
                    <value>${queueName}</value>
                </property>
                <property>
                    <name>oozie.launcher.mapreduce.task.classpath.user.precedence</name>
                    <value>false</value>
                </property>
                <property>
                    <name>oozie.launcher.mapreduce.user.classpath.first</name>
                    <value>false</value>
                </property>
                <property>
                    <name>oozie.launcher.mapreduce.map.memory.mb</name>
                    <value>10240</value>
                </property>
                <property>
                    <name>oozie.launcher.mapreduce.map.java.opts</name>
                    <value>-Xmx9000m</value>
                </property>

                <property>
                    <name>oozie.launcher.mapreduce.job.queue.name</name>
                    <value>${queueName}</value>
                </property>
                <property>
                    <name>oozie.service.SparkConfigurationService.spark.configurations</name>
                    <value>spark.eventLog.dir=maprfs:///apps/spark/logs,
                        spark.yarn.historyServer.address=http://dbsld0035.uhc.com:18080,
                        spark.eventLog.enabled=true
                    </value>
                </property>
            </configuration>
            <master>${master}</master>
            <mode>${mode}</mode>
            <name>EPDE Provisioning Extract: RK4 Creation</name>
            <class>${RK4ClassName}</class>
            <jar>${ProvisioningExtractJar}</jar>
            <spark-opts>
                --queue ${queueName}
                --executor-memory 15g
                --driver-memory 10g
                --num-executors 10
                --executor-cores 8
                --conf spark.yarn.executor.memoryOverhead=4096
                --conf spark.kryoserializer.buffer.max=512m
                --conf spark.sql.crossJoin.enabled=true
                --conf spark.eventLog.dir=maprfs:///apps/spark/logs
                --conf spark.yarn.maxAppAttempts=2
                --conf spark.eventLog.enabled=true
                --conf spark.yarn.preserve.staging.files=true
                --driver-java-options "-Dlog4j.configuration=file:${log4j} -DlogFilePath=${logFilePath} -Dconfig.resource=${conf_name} -DlogFileName=${jobName}_${wf:id()} -DrootLoggerOpt=${rootLoggerOpt}"
            </spark-opts>
            <arg>${environment}</arg>
            <arg>${RK4feedName}</arg>
            <arg>${RK4extractName}</arg>
            <arg>${master}</arg>
            <arg>${feedName}-${vendor_cd}</arg>
            <arg>${RK4refreshFlag}</arg>
            <arg>${RK4EitFlag}</arg>
        </spark>
        <ok to="sftp_extract_downstream"/>
        <error to="FailEmailAction"/>
    </action>

    <!-- To Transfer/SFTP the extract to downstream Team -->
    <action name="sftp_extract_downstream">
        <ssh xmlns="uri:oozie:ssh-action:0.2">
            <host>${myHost}</host>
            <command>sh ${sftp_script_path}</command>
            <args>${transferFlag}</args>
            <args>${touchFileLocation}</args>
            <args>${touchFileName}</args>
            <args>${user_id}</args>
            <args>${destination_server}</args>
            <args>${logFilePath}/${logFileName}_${wf:id()}.log</args>
            <args>${checkFileFlag}</args>
            <args>${checkFileName}</args>
        </ssh>
        <ok to="sftp_trigger_source"/>
        <error to="FailEmailAction"/>
    </action>

    <!-- To Transfer/SFTP the trigger file to NDB/source Team -->
    <action name="sftp_trigger_source">
        <ssh xmlns="uri:oozie:ssh-action:0.2">
            <host>${myHost}</host>
            <command>sh ${sftp_script_path}</command>
            <args>${triggerFlag}</args>
            <args>${triggerFileLocation}</args>
            <args>${triggerFileName}</args>
            <args>${user_id}</args>
            <args>${destination_server}</args>
            <args>${logFilePath}/${logFileName}_${wf:id()}.log</args>
            <args>${checkTriggerFlag}</args>
            <args>${checkTriggerFileName}</args>
        </ssh>
        <ok to="move_extracts_archive"/>
        <error to="FailEmailAction"/>
    </action>

    <action name="move_extracts_archive">

        <shell xmlns="uri:oozie:shell-action:0.2">
            <job-tracker>${jobTracker}</job-tracker>
            <name-node>${nameNode}</name-node>
            <configuration>
                <property>
                    <name>mapred.job.queue.name</name>
                    <value>${queueName}</value>
                </property>
            </configuration>
            <exec>${move_extracts_archive_ShellScriptName}</exec>
            <argument>${extractLoc}</argument>
            <argument>${extractArchiveLoc}</argument>
            <argument>${configFileLocation}</argument>
            <argument>${configArchiveLoc}</argument>
            <argument>${touchFileName}</argument>
            <argument>${triggerFileName}</argument>
            <argument>${checkTriggerFileName}</argument>
            <argument>${logFilePath}/${logFileName}_${wf:id()}.log</argument>
            <file>${move_extracts_archive_Dir}</file>

            <!-- <capture-output/> -->
        </shell>
        <ok to="PassEmailAction" />
        <error to="FailEmailAction" />
    </action>

    <action name="PassEmailAction">
        <email xmlns="uri:oozie:email-action:0.2">
            <to>${EmailTo}</to>
            <cc>${EmailCc}</cc>
            <subject>PASS - ${environment}: E2E Extract generation for vendor ${vendor_cd} successful for Job is: ${jobName}</subject>
            <body>
                Hi Team,

                job : ${jobName}
                DPO : E2E Extract generation for vendor ${vendor_cd} is successful
                Job ID : ${wf:id()}
                LogPath : ${logFilePath}/${logFileName}_${wf:id()}.log
                Environment : ${environment}

                Regards,
                DPO Team
            </body>

        </email>
        <ok to="end" />
        <error to="fail" />
    </action>

    <action name="FailEmailAction">
        <email xmlns="uri:oozie:email-action:0.2">
            <to>${EmailTo}</to>
            <cc>${EmailCc}</cc>
            <subject>FAIL - ${environment}: E2E Extract generation for vendor ${vendor_cd} failed for Job : ${jobName}</subject>
            <body>
                Hi Team,

                job - ${jobName}
                DPO: E2E Extract generation for vendor ${vendor_cd} is failed
                Job ID : ${wf:id()}
                LogPath : ${logFilePath}/${logFileName}_${wf:id()}.log
                Environment : ${environment}
                Error message : [${wf:errorMessage(wf:lastErrorNode())}]

                Regards,
                DPO Team
            </body>

        </email>
        <ok to="fail" />
        <error to="fail" />
    </action>

    <action name="ProcessEndMail">
        <email xmlns="uri:oozie:email-action:0.2">
            <to>${EmailTo}</to>
            <cc>${EmailCc}</cc>
            <subject>${jobName} completed.</subject>
            <body>Prcoess Completed for ${jobName}</body>
            <!-- <attachment>/datalake/uhclake/tst/developer/pankaj/scripts/chy_extract/Acrobat_Document.pdf</attachment> -->
        </email>
        <ok to="end" />
        <error to="fail" />
    </action>


    <kill name="fail">
        <message>Spark action failed, error
            message[${wf:errorMessage(wf:lastErrorNode())}]
        </message>
    </kill>
    <end name="end"/>
</workflow-app>
