<workflow-app xmlns="uri:oozie:workflow:0.4" name='${jobName}'>

	<global>
		<job-tracker>${jobTracker}</job-tracker>
		<name-node>${nameNode}</name-node>
		<configuration>
			<property>
				<name>mapred.job.queue.name</name>
				<value>${queueName}</value>
			</property>
			<property>
				<name>oozie.action.max.output.data</name>
				<value>8192</value>
				<description>
					Max size in characters for output data.
				</description>
			</property>
		</configuration>
	</global>


	<start to="Split_The_Extract" />

	<action name="Split_The_Extract">
		<spark xmlns="uri:oozie:spark-action:0.1">
			<job-tracker>${jobTracker}</job-tracker>
			<name-node>${nameNode}</name-node>
			<prepare>
			</prepare>
			<configuration>
				<property>
					<name>yarn.app.mapreduce.am.log.level</name>
					<!--					<value>DEBUG</value>		-->
					<value>ERROR</value>
				</property>
				<property>
					<name>fs.mapr.trace</name>
					<!--				<value>DEBUG</value>		-->
					<value>ERROR</value>
				</property>
				<property>
					<name>mapreduce.job.queuename</name>
					<value>${queueName}</value>
				</property>
				<property>
					<name>oozie.launcher.mapreduce.task.classpath.user.precedence</name>
					<value>false</value>
				</property>
				<property>
					<name>oozie.launcher.mapreduce.user.classpath.first</name>
					<value>false</value>
				</property>
				<property>
					<name>oozie.launcher.mapreduce.map.memory.mb</name>
					<value>10240</value>
				</property>
				<property>
					<name>oozie.launcher.mapreduce.map.java.opts</name>
					<value>-Xmx9000m</value>
				</property>
				<property>
					<name>oozie.launcher.mapreduce.job.queue.name</name>
					<value>${queueName}</value>
				</property>
				<property>
					<name>oozie.service.SparkConfigurationService.spark.configurations</name>
					<value>spark.eventLog.dir= maprfs:///apps/spark/logs ,
						spark.yarn.historyServer.address=http://dbsld0035.uhc.com:18080,
						spark.eventLog.enabled=true</value>
				</property>
			</configuration>
			<master>${master}</master>
			<mode>${mode}</mode>
			<name>EPDE Provisioning Extract: Common EIT Creation</name>
			<class>${FileSplitterClassName}</class>
			<jar>${ProvisioningExtractJar}</jar>
			<spark-opts>
				--queue ${queueName}
				--executor-memory 12g
				--driver-memory 8g
				--num-executors 6
				--executor-cores 5
				--conf spark.yarn.executor.memoryOverhead=4096
				--conf spark.kryoserializer.buffer.max=512m
				--conf spark.sql.crossJoin.enabled=true
				--conf spark.eventLog.dir=maprfs:///apps/spark/logs
				--conf spark.yarn.maxAppAttempts=2
				--conf spark.eventLog.enabled=true
				--conf spark.yarn.preserve.staging.files=true
				--conf spark.executor.extraJavaOptions=-verbose:class
				--driver-java-options "-Dlog4j.configuration=file:${log4j} -DlogFilePath=${logFilePath} -Dconfig.resource=${conf_name} -DlogFileName=${jobName}_${wf:id()} -DrootLoggerOpt=${rootLoggerOpt}"
			</spark-opts>
			<arg>${inputFilePath}</arg>
			<arg>${interval}</arg>
			<arg>${outputPath}</arg>
			<arg>${typeExtract}</arg>
			<arg>${ecgLocation}</arg>
			<arg>${touchFileLocation}</arg>
            <arg>${touchFileName}</arg>
            <arg>${appendFlag}</arg>
		</spark>
		<ok to="run_sftp_script"/>
		<error to="FailEmailAction" />
	</action>


	<!--
	<action name="run_sftp_script">
		<ssh xmlns="uri:oozie:ssh-action:0.2">
			<host>${myHost}</host>
			<command>${myCommand} ${logFilePath}/${logFileName}_${wf:id()}.log</command>
		</ssh>
		<ok to="run_sftp_trigger_script"/>
		<error to="FailEmailAction"/>
	</action>
	-->

	<action name="run_sftp_script">
		<ssh xmlns="uri:oozie:ssh-action:0.2">
			<host>${myHost}</host>
			<command>sh ${sftp_script_path}</command>
			<args>${transferFlag}</args>
			<args>${touchFileLocation}</args>
			<args>${touchFileName}</args>
			<args>${user_id}</args>
			<args>${destination_server}</args>
			<args>${logFilePath}/${logFileName}_${wf:id()}.log</args>
		</ssh>
		<ok to="PassEmailAction"/>
		<error to="FailEmailAction"/>
	</action>


	<action name="PassEmailAction">
		<email xmlns="uri:oozie:email-action:0.2">
			<to>${EmailTo}</to>
			<cc>${EmailCc}</cc>
			<subject>Pass - ${environment}: ECG Triggered for :${jobName}</subject>
			<body>
			Hi Team,

			DPO: File transfer completed ${jobName} and Job ID is: ${wf:id()}
			LogPath : ${logFilePath}/${logFileName}_${wf:id()}.log
			Environment : ${environment}

			Regards,
			DPO Team
			</body>
			<!-- <attachment>/datalake/uhclake/tst/developer/pankaj/scripts/chy_extract/Acrobat_Document.pdf</attachment> -->
		</email>
		<ok to="end" />
		<error to="fail" />
	</action>

	<action name="FailEmailAction">
		<email xmlns="uri:oozie:email-action:0.2">
			<to>${EmailTo}</to>
			<cc>${EmailCc}</cc>
			<subject>Fail - ${environment}: ${jobName} failed. </subject>
			<body>
			Hi Team,

			DPO: Extract provisioned Failed for ${jobName} and Job ID is: ${wf:id()}
			LogPath : ${logFilePath}/${logFileName}_${wf:id()}.log
			Environment : ${environment}
			Error message : [${wf:errorMessage(wf:lastErrorNode())}]

			Regards,
			DPO Team
			</body>
			<!-- <attachment>/datalake/uhclake/tst/developer/pankaj/scripts/chy_extract/Acrobat_Document.pdf</attachment> -->
		</email>
		<ok to="fail" />
		<error to="fail" />
	</action>

	<kill name="fail">
		<message>Spark action failed, error
			message[${wf:errorMessage(wf:lastErrorNode())}]</message>
	</kill>
	<end name="end" />
</workflow-app>
