<workflow-app xmlns="uri:oozie:workflow:0.4" name='${jobName}'>

    <global>
        <job-tracker>${jobTracker}</job-tracker>
        <name-node>${nameNode}</name-node>
        <configuration>
            <property>
                <name>mapred.job.queue.name</name>
                <value>${queueName}</value>
            </property>
        </configuration>
    </global>

    <start to="Check_Prov_Trans"/>

    <action name="Check_Prov_Trans">

        <shell xmlns="uri:oozie:shell-action:0.2">
            <job-tracker>${jobTracker}</job-tracker>
            <name-node>${nameNode}</name-node>
            <configuration>
                <property>
                    <name>mapred.job.queue.name</name>
                    <value>${queueName}</value>
                </property>
            </configuration>
            <exec>${Check_Prov_Trans_ShellScriptName}</exec>
            <argument>${time_frequency}</argument>
            <argument>${max_time_count}</argument>
            <argument>${provTransFileLoc}</argument>
            <argument>${provTransFileName}</argument>
            <argument>${logFilePath}/${logFileName}_${wf:id()}.log</argument>
            <file>${Check_Prov_Trans_Dir}</file>
            <!-- <capture-output/> -->
        </shell>
        <ok to="create_dat_meta_ctl" />
        <error to="FailEmailAction" />
    </action>


    <action name="create_dat_meta_ctl">

        <shell xmlns="uri:oozie:shell-action:0.2">
            <job-tracker>${jobTracker}</job-tracker>
            <name-node>${nameNode}</name-node>
            <configuration>
                <property>
                    <name>mapred.job.queue.name</name>
                    <value>${queueName}</value>
                </property>
            </configuration>
            <exec>${transporter_ShellScriptName}</exec>
            <argument>${configFileLoc}</argument>
            <argument>${environment}</argument>
            <argument>${changeGroupName}</argument>
            <argument>${logFilePath}/${logFileName}_${wf:id()}.log</argument>
            <file>${transporter_Dir}</file>
            <!-- <capture-output/> -->
        </shell>
        <ok to="checkIngestionStatus" />
        <error to="FailEmailAction" />
    </action>


    <action name="checkIngestionStatus">

        <ssh xmlns="uri:oozie:ssh-action:0.2">
            <host>${myHost}</host>
            <command>sh ${script_path}/${ingestion_ShellScriptName}</command>
            <args>${configFileLoc}</args>
            <args>${environment}</args>
            <args>${time_frequency}</args>
            <args>${max_time_count}</args>
            <args>${logFilePath}/${logFileName}_${wf:id()}.log</args>
            <!-- <capture-output/> -->
        </ssh>
        <ok to="PassEmailAction" />
        <error to="FailEmailAction" />
    </action>



    <action name="PassEmailAction">
        <email xmlns="uri:oozie:email-action:0.2">
            <to>${EmailTo}</to>
            <cc>${EmailCc}</cc>
            <subject>PASS - ${environment}: Prov Trans Ingestion for Job is: ${jobName}</subject>
            <body>
                Hi Team,

                job : ${jobName}
                DPO : Prov Trans Ingestion is successful
                Job ID : ${wf:id()}
                LogPath : ${logFilePath}/${logFileName}_${wf:id()}.log
                Environment : ${environment}

                Regards,
                DPO Team
            </body>

        </email>
        <ok to="end" />
        <error to="fail" />
    </action>

    <action name="FailEmailAction">
        <email xmlns="uri:oozie:email-action:0.2">
            <to>${EmailTo}</to>
            <cc>${EmailCc}</cc>
            <subject>FAIL - ${environment}: Prov Trans Ingestion failed for Job : ${jobName}</subject>
            <body>
                Hi Team,

                job - ${jobName}
                DPO: Prov Trans Ingestion is failed
                Job ID : ${wf:id()}
                LogPath : ${logFilePath}/${logFileName}_${wf:id()}.log
                Environment : ${environment}
                Error message : [${wf:errorMessage(wf:lastErrorNode())}]

                Regards,
                DPO Team
            </body>

        </email>
        <ok to="fail" />
        <error to="fail" />
    </action>

    <action name="ProcessEndMail">
        <email xmlns="uri:oozie:email-action:0.2">
            <to>${EmailTo}</to>
            <cc>${EmailCc}</cc>
            <subject>${jobName} completed.</subject>
            <body>Prcoess Completed for ${jobName}</body>
            <!-- <attachment>/datalake/uhclake/tst/developer/pankaj/scripts/chy_extract/Acrobat_Document.pdf</attachment> -->
        </email>
        <ok to="end" />
        <error to="fail" />
    </action>


    <kill name="fail">
        <message>Spark action failed, error
            message[${wf:errorMessage(wf:lastErrorNode())}]
        </message>
    </kill>
    <end name="end"/>
</workflow-app>
