<coordinator-app xmlns="uri:oozie:coordinator:0.4" timezone="America/New_York" start="${startTime}" end="9999-12-31T00:00Z" frequency="${coord:days(7)}" name="${jobName}">
       <action>
        <workflow>
            <app-path>${workflowFile}</app-path>
            <configuration>
                <property>
                    <name>jobTracker</name>
                    <value>${jobTracker}</value>
                </property>
                <property>
                    <name>nameNode</name>
                    <value>${nameNode}</value>
                </property>
                <property>
                    <name>queueName</name>
                    <value>${queueName}</value>
                </property>
                <property>
                    <name>coord_id</name>
                    <value>${coord:actionId()}</value>
                </property>
            </configuration>
        </workflow>
    </action>
</coordinator-app>
