<project xmlns="http://maven.apache.org/POM/4.0.0" xmlns:xsi="http://www.w3.org/2001/XMLSchema-instance"
         xsi:schemaLocation="http://maven.apache.org/POM/4.0.0 http://maven.apache.org/maven-v4_0_0.xsd">

    <modelVersion>4.0.0</modelVersion>

    <groupId>PEGeneration</groupId>
    <artifactId>PEGeneration</artifactId>
    <version>1.0-SNAPSHOT</version>

    <properties>
        <java.version>1.8</java.version>
        <scala.version>2.11</scala.version>
        <scala.binary.version>2.11.8</scala.binary.version>
        <spark.version>2.2.1</spark.version>
    </properties>

    <repositories>
        <repository>
            <id>scala-tools.org</id>
            <name>Scala-Tools Maven2 Repository</name>
            <url>http://scala-tools.org/repo-releases</url>
        </repository>

        <repository>
            <id>apache.snapshots</id>
            <name>Apache Snapshot Repository</name>
            <url>http://repository.apache.org/snapshots</url>
            <releases>
                <enabled>false
                </enabled>
            </releases>
        </repository>


        <repository>
            <id>mapr-releases</id>
            <url>http://repository.mapr.com/maven/</url>
            <snapshots>
                <enabled>false</enabled>
            </snapshots>
            <releases>
                <enabled>true</enabled>
            </releases>
        </repository>


    </repositories>

    <pluginRepositories>
        <pluginRepository>
            <id>scala-tools.org</id>
            <name>Scala-Tools Maven2 Repository</name>
            <url>http://scala-tools.org/repo-releases</url>
        </pluginRepository>

        <pluginRepository>
            <id>central</id>
            <name>Maven Plugin Repository</name>
            <url>http://repo1.maven.org/maven2</url>
            <layout>default</layout>
            <snapshots>
                <enabled>false</enabled>
            </snapshots>
            <releases>
                <updatePolicy>never</updatePolicy>
            </releases>
        </pluginRepository>
    </pluginRepositories>

    <dependencies>
        <dependency>
            <groupId>com.mapr.db</groupId>
            <artifactId>maprdb-spark</artifactId>
            <version>5.2.1-mapr</version>
        </dependency>
        <dependency>
            <groupId>org.scala-lang</groupId>
            <artifactId>scala-compiler</artifactId>
            <version>2.11.8</version>
        </dependency>
        <dependency>
            <groupId>org.scala-lang</groupId>
            <artifactId>scala-library</artifactId>
            <version>2.11.8</version>
        </dependency>
        <dependency>
            <groupId>org.apache.spark</groupId>
            <artifactId>spark-streaming_2.11</artifactId>
            <version>2.2.1</version>
        </dependency>
        <dependency>
            <groupId>org.apache.spark</groupId>
            <artifactId>spark-core_2.11</artifactId>
            <version>2.2.1</version>
        </dependency>
        <dependency>
            <groupId>org.scalatest</groupId>
            <artifactId>scalatest_2.11</artifactId>
            <version>3.0.1</version>
        </dependency>
        <dependency>
            <groupId>org.apache.spark</groupId>
            <artifactId>spark-sql_2.11</artifactId> <!-- matching Scala version -->
            <version>2.2.1</version>  <!-- matching Spark Core version -->
        </dependency>
        <dependency>
            <groupId>org.apache.spark</groupId>
            <artifactId>spark-hive_2.11</artifactId>
            <version>2.2.1</version>
        </dependency>
        <dependency>
            <groupId>junit</groupId>
            <artifactId>junit</artifactId>
            <version>4.4</version>
            <scope>test</scope>
        </dependency>
        <dependency>
            <groupId>org.apache.hbase</groupId>
            <artifactId>hbase-client</artifactId>
            <version>1.1.8</version>
        </dependency>
        <dependency>
            <groupId>org.apache.hbase</groupId>
            <artifactId>hbase-server</artifactId>
            <version>0.98.5-hadoop2</version>
        </dependency>
        <dependency>
            <groupId>org.apache.hbase</groupId>
            <artifactId>hbase-common</artifactId>
            <version>0.98.5-hadoop2</version>
        </dependency>
        <dependency>
            <groupId>org.apache.hbase</groupId>
            <artifactId>hbase-hadoop2-compat</artifactId>
            <version>0.98.5-hadoop2</version>
        </dependency>
        <dependency>
            <groupId>org.apache.hbase</groupId>
            <artifactId>hbase-protocol</artifactId>
            <version>0.98.5-hadoop2</version>
        </dependency>

        <dependency>
            <groupId>jcifs</groupId>
            <artifactId>jcifs</artifactId>
            <version>1.3.17</version>
        </dependency>

        <dependency>
            <groupId>org.apache.hbase</groupId>
            <artifactId>hbase-spark</artifactId>
            <version>1.1.8-mapr-1710</version>
        </dependency>


        <!--<dependency>
            <groupId>com.databricks</groupId>
            <artifactId>spark-csv_2.11</artifactId>
            <version>1.5.0</version>
        </dependency>-->

        <!-- https://mvnrepository.com/artifact/commons-codec/commons-codec -->
        <dependency>
            <groupId>commons-codec</groupId>
            <artifactId>commons-codec</artifactId>
            <version>1.9</version>
        </dependency>

        <!-- https://mvnrepository.com/artifact/org.apache.commons/commons-crypto -->
        <dependency>
            <groupId>org.apache.commons</groupId>
            <artifactId>commons-crypto</artifactId>
            <version>1.0.0</version>
        </dependency>
        <dependency>
            <groupId>org.json4s</groupId>
            <artifactId>json4s-native_${scala.version}</artifactId>
            <version>3.2.11</version>
        </dependency>

        <dependency>
            <groupId>org.json4s</groupId>
            <artifactId>json4s-jackson_${scala.version}</artifactId>
            <version>3.2.11</version>
        </dependency>
        <dependency>
            <groupId>org.json4s</groupId>
            <artifactId>json4s-core_2.12</artifactId>
            <version>3.6.0-M2</version>
        </dependency>
        <dependency>
            <groupId>org.json4s</groupId>
            <artifactId>json4s-ast_2.12</artifactId>
            <version>3.6.0-M2</version>
        </dependency>
        <dependency>
            <groupId>com.fasterxml.jackson.core</groupId>
            <artifactId>jackson-core</artifactId>
            <version>2.7.2</version>
        </dependency>
        <!-- https://mvnrepository.com/artifact/com.fasterxml.jackson.core/jackson-databind -->
        <dependency>
            <groupId>com.fasterxml.jackson.core</groupId>
            <artifactId>jackson-databind</artifactId>
            <version>2.7.2</version>
        </dependency>
        <!-- https://mvnrepository.com/artifact/com.fasterxml.jackson.core/jackson-annotations -->
        <dependency>
            <groupId>com.fasterxml.jackson.core</groupId>
            <artifactId>jackson-annotations</artifactId>
            <version>2.7.2</version>
        </dependency>

        <dependency>
            <groupId>com.itextpdf</groupId>
            <artifactId>itextpdf</artifactId>
            <version>5.5.10</version>
        </dependency>
        <dependency>
            <groupId>com.itextpdf.tool</groupId>
            <artifactId>xmlworker</artifactId>
            <version>5.5.10</version>
        </dependency>


    </dependencies>

    <build>
        <sourceDirectory>src/main/scala</sourceDirectory>
        <resources>
            <resource>
                <directory>src/main/resources</directory>
            </resource>
        </resources>
        <testSourceDirectory>src/test/scala</testSourceDirectory>
        <plugins>
            <plugin>
                <groupId>org.apache.maven.plugins</groupId>
                <artifactId>maven-surefire-plugin</artifactId>
                <version>2.7</version>
                <configuration>
                    <skipTests>true</skipTests>
                </configuration>
            </plugin>

            <plugin>
                <groupId>org.scalatest</groupId>
                <artifactId>scalatest-maven-plugin</artifactId>
                <version>1.0</version>
                <configuration>
                    <reportsDirectory>${project.build.directory}/surefire-reports</reportsDirectory>
                    <junitxml>.</junitxml>
                    <filereports>WDF TestSuite.txt</filereports>
                    <skipTests>true</skipTests>
                </configuration>
                <executions>
                    <execution>
                        <id>test</id>
                        <goals>
                            <goal>test</goal>
                        </goals>
                    </execution>
                </executions>
            </plugin>

            <plugin>
                <groupId>org.scala-tools</groupId>
                <artifactId>maven-scala-plugin</artifactId>
                <version>2.15.2</version>
                <executions>
                    <execution>
                        <goals>
                            <goal>compile</goal>
                            <goal>testCompile</goal>
                        </goals>
                    </execution>
                </executions>
                <configuration>
                    <scalaVersion>${scala.version}</scalaVersion>
                    <args>
                        <arg>-target:jvm-1.5</arg>
                    </args>
                </configuration>
            </plugin>
            <plugin>
                <groupId>org.apache.maven.plugins</groupId>
                <artifactId>maven-eclipse-plugin</artifactId>
                <version>2.10</version>
                <configuration>
                    <downloadSources>true</downloadSources>
                    <buildcommands>
                        <buildcommand>ch.epfl.lamp.sdt.core.scalabuilder</buildcommand>
                    </buildcommands>
                    <additionalProjectnatures>
                        <projectnature>ch.epfl.lamp.sdt.core.scalanature</projectnature>
                    </additionalProjectnatures>
                    <classpathContainers>
                        <classpathContainer>org.eclipse.jdt.launching.JRE_CONTAINER</classpathContainer>
                        <classpathContainer>ch.epfl.lamp.sdt.launching.SCALA_CONTAINER</classpathContainer>
                    </classpathContainers>
                </configuration>
            </plugin>

            <plugin>
                <groupId>org.apache.maven.plugins</groupId>
                <artifactId>maven-shade-plugin</artifactId>
                <version>3.1.0</version>
                <executions>
                    <execution>
                        <phase>package</phase>
                        <goals>
                            <goal>shade</goal>
                        </goals>
                        <configuration>
                            <artifactSet>
                                <includes>
                                    <include>jcifs:jcifs</include>
                                    <include>com.itextpdf:itextpdf</include>
                                    <include>com.itextpdf.tool:xmlworker</include>
                                    <!--          <include>org.apache.spark:spark-hive_2.11</include> -->
                                </includes>
                            </artifactSet>
                        </configuration>
                    </execution>
                </executions>
            </plugin>

            <plugin>
                <groupId>org.scalastyle</groupId>
                <artifactId>scalastyle-maven-plugin</artifactId>
                <version>1.0.0</version>
                <configuration>
                    <verbose>false</verbose>
                    <failOnViolation>true</failOnViolation>
                    <includeTestSourceDirectory>true</includeTestSourceDirectory>
                    <failOnWarning>false</failOnWarning>
                    <sourceDirectory>src/main/scala</sourceDirectory>
                    <testSourceDirectory>src/test/scala</testSourceDirectory>
                    <configLocation>lib/scalastyle_config.xml</configLocation>
                    <outputFile>lib/scalastyle-output.xml</outputFile>
                    <outputEncoding>UTF-8</outputEncoding>
                </configuration>
                <executions>
                    <execution>
                        <goals>
                            <goal>check</goal>
                        </goals>
                        <phase>compile</phase>
                    </execution>
                </executions>
            </plugin>


            <plugin>
                <groupId>org.codehaus.mojo</groupId>
                <artifactId>xml-maven-plugin</artifactId>
                <version>1.0.2</version>
                <executions>
                    <execution>
                        <goals>
                            <goal>transform</goal>
                        </goals>
                        <phase>compile</phase>
                    </execution>
                </executions>
                <configuration>
                    <transformationSets>
                        <transformationSet>
                            <dir>lib/</dir>
                            <stylesheet>lib/scalastyle-output.xsl</stylesheet>
                            <includes>scalastyle-output.xml</includes>
                            <fileMappers>
                                <fileMapper
                                        implementation="org.codehaus.plexus.components.io.filemappers.RegExpFileMapper">
                                    <pattern>\.xml$</pattern>
                                    <replacement>.html</replacement>
                                </fileMapper>
                            </fileMappers>
                        </transformationSet>
                    </transformationSets>
                </configuration>
            </plugin>





        </plugins>
    </build>
    <reporting>
        <plugins>
            <plugin>
                <groupId>org.scala-tools</groupId>
                <artifactId>maven-scala-plugin</artifactId>
                <configuration>
                    <scalaVersion>${scala.version}</scalaVersion>
                </configuration>
            </plugin>
        </plugins>
    </reporting>

</project>
