[{
  "feedName": "NDB2VA_F4_Reporting",
  "extraction": [
    {
      "extractName": "F5938P_TEL_CMNCT_ZIP",
      "isOutputMerge": "NA",
      "extractHeaderTrailerRequired": "NA",
      "isSchemaChange": "No",
      "extractDetails": [{
        "provNo": "62",
        "provName": "TELCMNCT",
        "provHeaderDesc": "00;SYSDATE;TELCMNCT DETAILS",
        "provHeaderDateFormat": "MM/dd/YYYY",
        "provTrailerDesc": "99;20;0;$rec_count",
        "provOutFileColDelim": "|",
        "provTrgColumn": "NA",
        "provTrgDataTypeLen": "NA",
        "provDataQueries": [{
          "sqlQuery1": "SELECT '01' AS DATA_ID,lpad(TEL_CMNCT_ID, 9, 0) AS TEL_CMNCT_ID,USER_ID,USER_OFC_CD,LST_UPDT_DT,REGEXP_REPLACE(LST_UPDT_TM,':','.') AS LST_UPDT_TM,LST_UPDT_TYP_CD,TEL_CMNCT_TYP_CD,AREA_CD,lpad(TEL_NBR, 7, 0) AS TEL_NBR,TMLN_RSN_TYP_CD,CANC_DT,CREAT_DT FROM F5938DB_TEL_CMNCT TELCMNCT WHERE TELCMNCT.LST_UPDT_DT > (date_format(TO_DATE(CAST(UNIX_TIMESTAMP('$LAST_RUN_DATE', 'yyyy-MM-dd HH:mm:ss') AS TIMESTAMP)) ,'yyyy-MM-dd'))"
        }]
      }]
    },
    {
      "extractName": "F5938P_ORG_TYP_ZIP",
      "isOutputMerge": "NA",
      "extractHeaderTrailerRequired": "NA",
      "isSchemaChange": "No",
      "extractDetails": [{
        "provNo": "64",
        "provName": "ORGTYP",
        "provHeaderDesc": "00;SYSDATE;ORG TYP DETAILS",
        "provHeaderDateFormat": "MM/dd/YYYY",
        "provTrailerDesc": "99;20;0;$rec_count",
        "provOutFileColDelim": "|",
        "provTrgColumn": "NA",
        "provTrgDataTypeLen": "NA",
        "provDataQueries": [{
          "sqlQuery1": "SELECT '01' AS DATA_ID,ORG_TYP_CD,USER_ID,USER_OFC_CD,LST_UPDT_DT,REGEXP_REPLACE(LST_UPDT_TM, ':', '.') AS LST_UPDT_TM,EFF_DT,ORG_TYP_SHRT_DESC,ORG_TYP_DESC,DIR_USE_IND,PAY_TYP_USE_IND,EPD_REC_TYP_CD,EPD_FACL_TYP_CD,DEG_CD,SPCL_TYP_CD,TOPS_PROV_TYP_CD,ACTV_CD,ORG_TYP_LONG_DESC,lpad(CLM_RNOT_NBR_DAYS,4,0) AS CLM_RNOT_NBR_DAYS,ASES_IND,ADDR_GPN_IND,CONTR_PAPR_RQR_IND,MEDCR_ID_RQR_IND,INST_TYP_IND,SUB_ID_TYP_CD,MHSA_IND,PRTL_ELIG_IND,TRT_BED_IND,MED_NEC_CLAUS_RQR_IND FROM F5938DB_ORG_TYP ORGTYP WHERE ORGTYP.LST_UPDT_DT > (date_format(TO_DATE(CAST(UNIX_TIMESTAMP('$LAST_RUN_DATE', 'yyyy-MM-dd HH:mm:ss') AS TIMESTAMP)) ,'yyyy-MM-dd'))"
        }]
      }]
    },
    {
      "extractName": "F5938P_PROV_ZIP",
      "isOutputMerge": "NA",
      "extractHeaderTrailerRequired": "NA",
      "isSchemaChange": "No",
      "extractDetails": [{
        "provNo": "65",
        "provName": "PROV",
        "provHeaderDesc": "00;SYSDATE;PROV TABLE",
        "provHeaderDateFormat": "MM/dd/YYYY",
        "provTrailerDesc": "99;20;0;$rec_count",
        "provOutFileColDelim": "|",
        "provTrgColumn": "NA",
        "provTrgDataTypeLen": "NA",
        "provDataQueries": [{
          "sqlQuery1": "SELECT '01' AS DATA_ID,lpad(PROV_ID,9,0) AS PROV_ID,USER_ID,USER_OFC_CD,LST_UPDT_DT,REGEXP_REPLACE(LST_UPDT_TM,':','.') AS LST_UPDT_TM,LST_UPDT_TYP_CD,EFF_DT,CANC_DT,TMLN_RSN_TYP_CD,LST_NM,FST_NM,MDL_NM,NM_SUFX_CD,N_PROV_SPCLHNDL_CD,PROV_PCP_IND,PROV_SPEC_IND,PROV_BTH_DT,PROV_GDR_CD,SOC_SECUR_NBR,UNIV_PROV_ID_NBR,lpad(NAT_PROV_ID_NBR,10,0) AS NAT_PROV_ID_NBR,MDCR_ID,CONTR_BIL_TYP_CD,ORG_TYP_CD,PROV_TYP_CD,DIR_IND,lpad(CMPT_VCE_RSPN_NBR,1,0) AS CMPT_VCE_RSPN_NBR,ORIG_EFF_DT,CREAT_DT,CLM_RNOT_DT,DUP_PROV_RSN_CD,TOPS_PROV_TYP_CD,CLM_CRDNTL_PROC_CD,PROV_SRC_TYP_CD,PROV_EXT_LST_NM,ATYP_PROV_IND,MLTRY_SRVC_TYP_CD FROM F5938DB_PROV PROV WHERE PROV.LST_UPDT_DT > (date_format(TO_DATE(CAST(UNIX_TIMESTAMP('$LAST_RUN_DATE', 'yyyy-MM-dd HH:mm:ss') AS TIMESTAMP)) ,'yyyy-MM-dd'))"
        }]
      }]
    },
    {
      "extractName": "F5938P_SPCL_TYP_ZIP",
      "isOutputMerge": "NA",
      "extractHeaderTrailerRequired": "NA",
      "isSchemaChange": "No",
      "extractDetails": [{
        "provNo": "60",
        "provName": "SPCLTYP",
        "provHeaderDesc": "00;SYSDATE;SPCL TYP TABLE",
        "provHeaderDateFormat": "MM/dd/YYYY",
        "provTrailerDesc": "99;20;0;$rec_count",
        "provOutFileColDelim": "|",
        "provTrgColumn": "NA",
        "provTrgDataTypeLen": "NA",
        "provDataQueries": [{
          "sqlQuery1": "SELECT '01' AS DATA_ID,SPCL_TYP_CD,USER_ID,USER_OFC_CD,LST_UPDT_DT,REGEXP_REPLACE(LST_UPDT_TM,':','.') AS LST_UPDT_TM,SPCL_TYP_SML_DESC,SPCL_TYP_SHRT_DESC,SPCL_TYP_FULL_DESC,HCFA_SPCL_TYP_CD,ABMS_SPCL_IND,AOA_IND,MHSA_IND,SUB_SPCL_TYP_IND,ACTV_CD,SPCL_SUB_TYP_CD,lpad(DEERS_TRICARE_SPCL_CD,2,0) AS DEERS_TRICARE_SPCL_CD FROM F5938DB_SPCL_TYP SPCLTYP WHERE SPCLTYP.LST_UPDT_DT > (date_format(TO_DATE(CAST(UNIX_TIMESTAMP('$LAST_RUN_DATE', 'yyyy-MM-dd HH:mm:ss') AS TIMESTAMP)) ,'yyyy-MM-dd'))"
        }]
      }]
    },
    {
      "extractName": "F5938P_PROV_SPCL_ZIP",
      "isOutputMerge": "NA",
      "extractHeaderTrailerRequired": "NA",
      "isSchemaChange": "No",
      "extractDetails": [{
        "provNo": "51",
        "provName": "PROVSPCL",
        "provHeaderDesc": "00;SYSDATE;PSPCL TABLE",
        "provHeaderDateFormat": "MM/dd/YYYY",
        "provTrailerDesc": "99;20;0;$rec_count",
        "provOutFileColDelim": "|",
        "provTrgColumn": "NA",
        "provTrgDataTypeLen": "NA",
        "provDataQueries": [{
          "sqlQuery1": "SELECT '01' AS DATA_ID,lpad(PROV_ID, 9, 0) AS PROV_ID,SPCL_TYP_CD,USER_ID,USER_OFC_CD,LST_UPDT_DT,REGEXP_REPLACE(LST_UPDT_TM,':','.') AS LST_UPDT_TM,LST_UPDT_TYP_CD,PRI_CD,PRAC_SPCL_IND,DIR_IND,SPCL_SRC_CD,SPCL_BD_CERT_CD,SPCL_BD_CERT_DT,SPCL_BD_EXAM_DT,SPCL_BD_EXPIR_DT,RCERT_EFF_DT,lpad(CRED_VERF_ORG_ID, 9, 0) AS  CRED_VERF_ORG_ID,EFF_DT,CANC_DT,ORIG_EFF_DATE,RCERT_EXPIR_DT,RES_IND,PCP_SPCL_OVRD_IND,TRICARE_IND FROM F5938DB_PROV_SPCL PROVSPCL WHERE PROVSPCL.LST_UPDT_DT > (date_format(TO_DATE(CAST(UNIX_TIMESTAMP('$LAST_RUN_DATE', 'yyyy-MM-dd HH:mm:ss') AS TIMESTAMP)) ,'yyyy-MM-dd'))"
        }]
      }]
    },
    {
      "extractName": "F5938P_PROV_AFFIL_ZIP",
      "isOutputMerge": "NA",
      "extractHeaderTrailerRequired": "NA",
      "isSchemaChange": "No",
      "extractDetails": [{
        "provNo": "52",
        "provName": "PROVAFFIL",
        "provHeaderDesc": "00;SYSDATE;PROV AFFIL",
        "provHeaderDateFormat": "MM/dd/YYYY",
        "provTrailerDesc": "99;20;0;$rec_count",
        "provOutFileColDelim": "|",
        "provTrgColumn": "NA",
        "provTrgDataTypeLen": "NA",
        "provDataQueries": [{
          "sqlQuery1": "SELECT '01' AS DATA_ID,lpad(PROV_ID, 9, 0) AS PROV_ID,lpad(AFFIL_PROV_ID, 9, 0) AS AFFIL_PROV_ID,AFFIL_TYP_CD,USER_ID,USER_OFC_CD,LST_UPDT_DT,REGEXP_REPLACE(LST_UPDT_TM,':','.') AS LST_UPDT_TM,,LST_UPDT_TYP_CD,ADMIT_PRVLG_TYP_CD,HOSP_AFFIL_DIR_IND,PRI_HOSP_AFFIL_CD,ACTV_CD,CREAT_DT FROM F5938DB_PROV_AFFIL PROVAFFIL WHERE PROVAFFIL.LST_UPDT_DT > (date_format(TO_DATE(CAST(UNIX_TIMESTAMP('$LAST_RUN_DATE', 'yyyy-MM-dd HH:mm:ss') AS TIMESTAMP)) ,'yyyy-MM-dd'))"
        }]
      }]
    },
    {
      "extractName": "F5938P_PROV_TIN_ADR_LIM_ZIP",
      "isOutputMerge": "NA",
      "extractHeaderTrailerRequired": "NA",
      "isSchemaChange": "No",
      "extractDetails": [{
        "provNo": "53",
        "provName": "PROVTINADRLIM",
        "provHeaderDesc": "00;SYSDATE;PTAL TABLE",
        "provHeaderDateFormat": "MM/dd/YYYY",
        "provTrailerDesc": "99;20;0;$rec_count",
        "provOutFileColDelim": "|",
        "provTrgColumn": "NA",
        "provTrgDataTypeLen": "NA",
        "provDataQueries": [{
          "sqlQuery1": "SELECT '01' AS DATA_ID,lpad(PROV_ID, 9, 0) AS PROV_ID,lpad(ADR_ID, 9, 0) AS ADR_ID,ADR_TYP_CD,lpad(TAX_ID_NBR, 9, 0) AS TAX_ID_NBR,TAX_ID_TYP_CD,USER_ID,USER_OFC_CD,LST_UPDT_DT,REGEXP_REPLACE(LST_UPDT_TM,':','.') AS LST_UPDT_TM,LST_UPDT_TYP_CD,ACTV_CD,EXT_HR_TYP_CD,PTNT_BEGN_AGE_NBR,PTNT_END_AGE_NBR,NOTE_TYP_CD_1,NOTE_TYP_CD_2,LANG1_CD,LANG1_SPKN_BY_CD,LANG2_CD,LANG2_SPKN_BY_CD,LANG3_CD,LANG3_SPKN_BY_CD,LANG4_CD,LANG4_SPKN_BY_CD,PROV_ORG_GDR_CD FROM F5938DB_PROV_TIN_ADR_LIM PTAL WHERE PTAL.LST_UPDT_DT > (date_format(TO_DATE(CAST(UNIX_TIMESTAMP('$LAST_RUN_DATE', 'yyyy-MM-dd HH:mm:ss') AS TIMESTAMP)) ,'yyyy-MM-dd'))"
        }]
      }]
    },
    {
      "extractName": "F5938P_TAX_ID_NBR_ZIP",
      "isOutputMerge": "NA",
      "extractHeaderTrailerRequired": "NA",
      "isSchemaChange": "No",
      "extractDetails": [{
        "provNo": "54",
        "provName": "TAXIDNBR",
        "provHeaderDesc": "00;SYSDATE;TIN TABLE",
        "provHeaderDateFormat": "MM/dd/YYYY",
        "provTrailerDesc": "99;20;0;$rec_count",
        "provOutFileColDelim": "|",
        "provTrgColumn": "NA",
        "provTrgDataTypeLen": "NA",
        "provDataQueries": [{
          "sqlQuery1": "SELECT '01' AS DATA_ID,lpad(TAX_ID_NBR,9,0) AS TAX_ID_NBR,TAX_ID_TYP_CD,USER_ID,USER_OFC_CD,LST_UPDT_DT,REGEXP_REPLACE(LST_UPDT_TM,':','.') AS LST_UPDT_TM,LST_UPDT_TYP_CD,lpad(CORP_OWNR_PROV_ID,9,0) AS CORP_OWNR_PROV_ID,PROV_TIER_CD,TAX_B_NTC_CD,TAX_B_NTC_DT,W9_CPY_TYP_CD,INC_TYP_CD,NON_PRFT_IND,EFF_DT,CANC_DT,TMLN_RSN_TYP_CD,ORIG_EFF_DT,CREAT_DT,EPS_EFF_DT,EPS_CD,lpad(EPS_ADDR_SEQ_NBR, 1,0) AS EPS_ADDR_SEQ_NBR,LAB_OPT_OUT_CD,PREF_LAB_NTWK_IND FROM F5938DB_TAX_ID_NBR TAXIDNBR WHERE TAXIDNBR.LST_UPDT_DT > (date_format(TO_DATE(CAST(UNIX_TIMESTAMP('$LAST_RUN_DATE', 'yyyy-MM-dd HH:mm:ss') AS TIMESTAMP)) ,'yyyy-MM-dd'))"
        }]
      }]
    },
    {
      "extractName": "F5938P_PROV_TIN_PAY_AFFIL_ZIP",
      "isOutputMerge": "NA",
      "extractHeaderTrailerRequired": "NA",
      "isSchemaChange": "No",
      "extractDetails": [{
        "provNo": "55",
        "provName": "PTPA",
        "provHeaderDesc": "00;SYSDATE;PTPA TABLE",
        "provHeaderDateFormat": "MM/dd/YYYY",
        "provTrailerDesc": "99;20;0;$rec_count",
        "provOutFileColDelim": "|",
        "provTrgColumn": "NA",
        "provTrgDataTypeLen": "NA",
        "provDataQueries": [{
          "sqlQuery1": "SELECT '01' AS DATA_ID,lpad(PROV_ID,9,0) AS PROV_ID,lpad(TAX_ID_NBR,9,0) AS TAX_ID_NBR,TAX_ID_TYP_CD,USER_ID,USER_OFC_CD,LST_UPDT_DT,REGEXP_REPLACE(LST_UPDT_TM,':','.') AS LST_UPDT_TM,LST_UPDT_TYP_CD,lpad(PAYE_PROV_ID,9,0) AS PAYE_PROV_ID,PAY_TYP_CD,BULK_RECOV_IND,EFF_DT,CANC_DT,TMLN_RSN_TYP_CD,ORIG_EFF_DT,CLM_RNOT_DT,CONTR_PAPR_TYP_CD,ADD_PAY_CD_IND,PTI_HOSP_BAS_IND,PTI_CRDNTL_RQD_IND,PTI_EXCPT_IND,MDCR_ASGN_IND,ACPT_VA_IND,ACPT_CHAMP_VA_IND,CORP_SRVC_PROV_IND,MDCR_ASGN_DT FROM F5938DB_PROV_TIN_PAY_AFFIL PTPA WHERE PTPA.LST_UPDT_DT > (date_format(TO_DATE(CAST(UNIX_TIMESTAMP('$LAST_RUN_DATE', 'yyyy-MM-dd HH:mm:ss') AS TIMESTAMP)) ,'yyyy-MM-dd'))"
        }]
      }]
    },
    {
      "extractName": "F5938P_PROV_NTWK_CONTR_ZIP",
      "isOutputMerge": "NA",
      "extractHeaderTrailerRequired": "NA",
      "isSchemaChange": "No",
      "extractDetails": [{
        "provNo": "56",
        "provName": "PNC",
        "provHeaderDesc": "00;SYSDATE;PNC TABLE",
        "provHeaderDateFormat": "MM/dd/YYYY",
        "provTrailerDesc": "99;20;0;$rec_count",
        "provOutFileColDelim": "|",
        "provTrgColumn": "NA",
        "provTrgDataTypeLen": "NA",
        "provDataQueries": [{
          "sqlQuery1": "SELECT '01' AS DATA_ID,lpad(CONTR_ID,9,0) AS CONTR_ID,lpad(PROV_ID,9,0) AS PROV_ID,lpad(MKT_NBR,9,0) AS MKT_NBR,lpad(IPA_NBR,9,0) AS IPA_NBR,PRDCT_OFR_ID,lpad(FEE_SCHED_NBR,5,0) AS FEE_SCHED_NBR,PAY_METH_CD,lpad(TAX_ID_NBR,9,0) AS TAX_ID_NBR,TAX_ID_TYP_CD,CONTR_TYP_CD,CONTR_ARNG_CD,USER_ID,USER_OFC_CD,LST_UPDT_DT,REGEXP_REPLACE(LST_UPDT_TM,':','.') AS LST_UPDT_TM,LST_UPDT_TYP_CD,CONTR_GRP_CD,ACPT_PTNT_CD,VENDR_CD,PROV_CONTR_ROLE_CD,lpad(OPTNT_RT_ID,9,0) AS OPTNT_RT_ID,MDCR_EXT_ABSNT_IND,lpad(MDCR_DED_PCT,5,0) AS MDCR_DED_PCT,lpad(MDCR_COINS_PCT,5,0) AS MDCR_COINS_PCT,EFF_DT,CANC_DT,TMLN_RSN_TYP_CD,lpad(RASGN_PROV_ID,9,0) AS RASGN_PROV_ID,lpad(RASGN_IPA_NBR,9,0) AS RASGN_IPA_NBR,lpad(RASGN_CMNCT_ID,9,0) AS RASGN_CMNCT_ID,CREAT_DT,lpad(CONTR_TEMPLT_ID,9,0) AS CONTR_TEMPLT_ID,DICARTA_DOC_ID,lpad(RT_LIST_NBR,9,0) AS RT_LIST_NBR,lpad(RT_LIST_VER_NBR,9,0) AS RT_LIST_VER_NBR,FACL_CONTR_TYP_CD,HCFA_PROC_IND,UNTMLY_PAY_CD,lpad(RT_SPCL_PROC_NBR,9,0) AS RT_SPCL_PROC_NBR,lpad(REIM_WTHLD_PCT,5,0) AS REIM_WTHLD_PCT,lpad(CONTR_TMPL_SEQ_NBR,9,0) AS CONTR_TMPL_SEQ_NBR,CPTATN_FFS_IND,lpad(TMLY_FL_DAY_NBR,4,0) AS TMLY_FL_DAY_NBR,lpad(PNLTY_NTFY_ID,9,0) AS PNLTY_NTFY_ID,CONTR_PAPR_TYP_CD,lpad(RSGN_EPD_ADR_SEQ,9,0) AS RSGN_EPD_ADR_SEQ,LAB_AFFIL_CD,ENW_OPT_OUT_IND FROM F5938DB_PROV_NTWK_CONTR PNC WHERE PNC.PRDCT_OFR_ID = 'F4' AND PNC.LST_UPDT_DT > (date_format(TO_DATE(CAST(UNIX_TIMESTAMP('$LAST_RUN_DATE', 'yyyy-MM-dd HH:mm:ss') AS TIMESTAMP)) ,'yyyy-MM-dd'))"
        }]
      }]

    },
    {
      "extractName": "F5938P_PROV_LIC_ZIP",
      "isOutputMerge": "NA",
      "extractHeaderTrailerRequired": "NA",
      "isSchemaChange": "No",
      "extractDetails": [{
        "provNo": "56",
        "provName": "PROVLIC",
        "provHeaderDesc": "00;SYSDATE;PROV LIC TABLE",
        "provHeaderDateFormat": "MM/dd/YYYY",
        "provTrailerDesc": "99;20;0;$rec_count",
        "provOutFileColDelim": "|",
        "provTrgColumn": "NA",
        "provTrgDataTypeLen": "NA",
        "provDataQueries": [{
          "sqlQuery1": "SELECT '01' AS DATA_ID,lpad(PROV_ID,9,0) AS PROV_ID,LIC_NBR,ST_CD,USER_ID,USER_OFC_CD,LST_UPDT_DT,REGEXP_REPLACE(LST_UPDT_TM,':','.') AS LST_UPDT_TM,LST_UPDT_TYP_CD,ACTV_CD,lpad(CRED_VERF_ORG_ID,9,0) AS CRED_VERF_ORG_ID,EFF_DT,EXPIR_DT FROM F5938DB_PROV_LIC PLIC WHERE PLIC.LST_UPDT_DT > (date_format(TO_DATE(CAST(UNIX_TIMESTAMP('$LAST_RUN_DATE', 'yyyy-MM-dd HH:mm:ss') AS TIMESTAMP)) ,'yyyy-MM-dd')) AND PLIC.LIC_NBR like '%MD.15277%'"
        }]
      }]
    },
    {
      "extractName": "F5938P_PROV_LIC_RPT_ZIP",
      "isOutputMerge": "NA",
      "extractHeaderTrailerRequired": "NA",
      "isSchemaChange": "No",
      "extractDetails": [{
        "provNo": "57",
        "provName": "PLICR",
        "provHeaderDesc": "00;SYSDATE;PROV LIC RPT TABLE",
        "provHeaderDateFormat": "MM/dd/YYYY",
        "provTrailerDesc": "99;20;0;$rec_count",
        "provOutFileColDelim": "|",
        "provTrgColumn": "NA",
        "provTrgDataTypeLen": "NA",
        "provDataQueries": [{
          "sqlQuery1": "SELECT '01' AS DATA_ID,lpad(PROV_ID,9,0) AS PROV_ID,LIC_NBR,ST_CD,USER_ID,USER_OFC_CD,LST_UPDT_DT,REGEXP_REPLACE(LST_UPDT_TM,':','.') AS LST_UPDT_TM,LST_UPDT_TYP_CD,ACTV_CD,lpad(CRED_VERF_ORG_ID,9,0) AS CRED_VERF_ORG_ID,EFF_DT,EXPIR_DT FROM F5938DB_PROV_LIC_RPT  PLICRPT WHERE PLICRPT.LST_UPDT_DT > (date_format(TO_DATE(CAST(UNIX_TIMESTAMP('$LAST_RUN_DATE', 'yyyy-MM-dd HH:mm:ss') AS TIMESTAMP)) ,'yyyy-MM-dd'))"
        }]
      }]
    },
    {
      "extractName": "F5938P_PROV_TIN_ADR_ZIP",
      "isOutputMerge": "NA",
      "extractHeaderTrailerRequired": "NA",
      "isSchemaChange": "No",
      "extractDetails": [{
        "provNo": "58",
        "provName": "PTA",
        "provHeaderDesc": "00;SYSDATE;;PTA TYP TABLE",
        "provHeaderDateFormat": "MM/dd/YYYY",
        "provTrailerDesc": "99;20;0;$rec_count",
        "provOutFileColDelim": "|",
        "provTrgColumn": "NA",
        "provTrgDataTypeLen": "NA",
        "provDataQueries": [{
          "sqlQuery1": "SELECT '01' AS DATA_ID,lpad(PROV_ID,9,0) AS PROV_ID,lpad(ADR_ID,9,0) AS ADR_ID,ADR_TYP_CD,lpad(TAX_ID_NBR,9,0) AS TAX_ID_NBR,TAX_ID_TYP_CD,USER_ID,USER_OFC_CD,LST_UPDT_DT,REGEXP_REPLACE(LST_UPDT_TM,':','.') AS LST_UPDT_TM,LST_UPDT_TYP_CD,CORSP_ADR_IND,PRI_CD,ADR_CARE_NM,lpad(BIL_ADR_ID,9,0) AS BIL_ADR_ID,BIL_ADR_TYP,INTRL_RTE_NBR,TMLN_RSN_TYP_CD,DIR_IND,COS_PRDCT_CD,UNET_PRDCT_CD,MDCD_LOC_CD,MDCD_ID,TOPS_TIN_PRFX_CD,lpad(TOPS_TIN_SUFX_CD,5,0) AS TOPS_TIN_SUFX_CD,TOPS_SUFX_CMMT_TXT,PRFX_SUFX_ASGN_IND,lpad(EPD_ADDR_SEQ,9,0) AS EPD_ADDR_SEQ,EFF_DT,CANC_DT,ORIG_EFF_DT,CREAT_DT,CLM_RNOT_DT,PROV_EMP_TYP_CD,ACPT_PTNT_CD,lpad(GRP_PRAC_NBR,9,0) AS GRP_PRAC_NBR,PAR_PROV_IND,AHA_MULTI_HOSP_SYS_CD,INST_TERM_TYP_CD,AHA_ID_NBR,ADR_CERT_TYP_CD,ADR_CERT_RSN_TYP_CD,TAX_FM_1099_MAIL_ADR_IND,FACL_TYP_CD FROM F5938DB_PROV_TIN_ADR  PTA WHERE PTA.LST_UPDT_DT > (date_format(TO_DATE(CAST(UNIX_TIMESTAMP('$LAST_RUN_DATE', 'yyyy-MM-dd HH:mm:ss') AS TIMESTAMP)) ,'yyyy-MM-dd'))"
        }]
      }]
    },
    {
      "extractName": "F5938P_NPI_ZIP",
      "isOutputMerge": "NA",
      "extractHeaderTrailerRequired": "NA",
      "isSchemaChange": "No",
      "extractDetails": [{
        "provNo": "59",
        "provName": "NPI",
        "provHeaderDesc": "00;SYSDATE;NPI TYP TABLE",
        "provHeaderDateFormat": "MM/dd/YYYY",
        "provTrailerDesc": "99;20;0;$rec_count",
        "provOutFileColDelim": "|",
        "provTrgColumn": "NA",
        "provTrgDataTypeLen": "NA",
        "provDataQueries": [{
          "sqlQuery1": "SELECT '01' AS DATA_ID,lpad(NPI_ID,10,0) AS NPI_ID,NPI_LVL_CD,lpad(TAX_ID_NBR,9,0) AS TAX_ID_NBR,TAX_ID_TYP_CD,lpad(ADR_ID,9,0) AS ADR_ID,LIC_NBR,ST_CD,LST_NM,USER_ID,USER_OFC_CD,LST_UPDT_DT,REGEXP_REPLACE(LST_UPDT_TM,':','.') AS LST_UPDT_TM,LST_UPDT_TYP_CD FROM F5938DB_NPI PTA WHERE PTA.LST_UPDT_DT > (date_format(TO_DATE(CAST(UNIX_TIMESTAMP('$LAST_RUN_DATE', 'yyyy-MM-dd HH:mm:ss') AS TIMESTAMP)) ,'yyyy-MM-dd'))"
        }]
      }]
    },
    {
      "extractName": "F5938P_PRDCT_OFR_ZIP",
      "isOutputMerge": "NA",
      "extractHeaderTrailerRequired": "NA",
      "isSchemaChange": "No",
      "extractDetails": [{
        "provNo": "61",
        "provName": "PRDCT OFR",
        "provHeaderDesc": "00;SYSDATE;PRDCT OFR TABLE",
        "provHeaderDateFormat": "MM/dd/YYYY",
        "provTrailerDesc": "99;20;0;$rec_count",
        "provOutFileColDelim": "|",
        "provTrgColumn": "NA",
        "provTrgDataTypeLen": "NA",
        "provDataQueries": [{
          "sqlQuery1": "SELECT '01' AS DATA_ID,PRDCT_OFR_ID,MKT_TYP_CD,PRDCT_GRP_CD,USER_ID,USER_OFC_CD,LST_UPDT_DT,REGEXP_REPLACE(LST_UPDT_TM,':','.') AS LST_UPDT_TM,ACTV_CD,PRDCT_OFR_SHRT_DSC,PRDCT_OFR_DESC,GTKPR_IND,PRDCT_SPCL_EDT_IND,COND_PCP_IND,FD_CONTR_INFO_IND,QUAL_EVNT_IND,RASGN_ADR_SEQ_IND FROM F5938DB_PRDCT_OFR PRDOFR WHERE PRDOFR.LST_UPDT_DT > (date_format(TO_DATE(CAST(UNIX_TIMESTAMP('$LAST_RUN_DATE', 'yyyy-MM-dd HH:mm:ss') AS TIMESTAMP)) ,'yyyy-MM-dd'))"
        }]
      }]
    }



  ]
}]